--------------------------------------------------------
--  파일이 생성됨 - 금요일-12월-04-2020   
--------------------------------------------------------
--------------------------------------------------------
--  DDL for Table FAQ
--------------------------------------------------------

  CREATE TABLE "HSDSEMI"."FAQ" 
   (	"F_NUM" NUMBER, 
	"F_TITLE" VARCHAR2(100 BYTE), 
	"F_CONTENT" CLOB
   ) SEGMENT CREATION IMMEDIATE 
  PCTFREE 10 PCTUSED 40 INITRANS 1 MAXTRANS 255 NOCOMPRESS LOGGING
  STORAGE(INITIAL 65536 NEXT 1048576 MINEXTENTS 1 MAXEXTENTS 2147483645
  PCTINCREASE 0 FREELISTS 1 FREELIST GROUPS 1 BUFFER_POOL DEFAULT FLASH_CACHE DEFAULT CELL_FLASH_CACHE DEFAULT)
  TABLESPACE "SYSTEM" 
 LOB ("F_CONTENT") STORE AS BASICFILE (
  TABLESPACE "SYSTEM" ENABLE STORAGE IN ROW CHUNK 8192 RETENTION 
  NOCACHE LOGGING 
  STORAGE(INITIAL 65536 NEXT 1048576 MINEXTENTS 1 MAXEXTENTS 2147483645
  PCTINCREASE 0 FREELISTS 1 FREELIST GROUPS 1 BUFFER_POOL DEFAULT FLASH_CACHE DEFAULT CELL_FLASH_CACHE DEFAULT)) ;
--------------------------------------------------------
--  DDL for Table GALLERY
--------------------------------------------------------

  CREATE TABLE "HSDSEMI"."GALLERY" 
   (	"G_NUM" NUMBER, 
	"G_WRITER" VARCHAR2(50 BYTE), 
	"G_CONTENT" VARCHAR2(1000 BYTE), 
	"G_FILEPATH" VARCHAR2(30 BYTE)
   ) SEGMENT CREATION IMMEDIATE 
  PCTFREE 10 PCTUSED 40 INITRANS 1 MAXTRANS 255 NOCOMPRESS LOGGING
  STORAGE(INITIAL 65536 NEXT 1048576 MINEXTENTS 1 MAXEXTENTS 2147483645
  PCTINCREASE 0 FREELISTS 1 FREELIST GROUPS 1 BUFFER_POOL DEFAULT FLASH_CACHE DEFAULT CELL_FLASH_CACHE DEFAULT)
  TABLESPACE "SYSTEM" ;
--------------------------------------------------------
--  DDL for Table MEMBER
--------------------------------------------------------

  CREATE TABLE "HSDSEMI"."MEMBER" 
   (	"MEMBER_ID" VARCHAR2(20 BYTE), 
	"MEMBER_PW" VARCHAR2(30 BYTE), 
	"MEMBER_NAME" VARCHAR2(20 BYTE), 
	"ADDRESS" VARCHAR2(1000 BYTE), 
	"EMAIL" VARCHAR2(30 BYTE), 
	"BIRTH" CHAR(8 BYTE), 
	"GENDER" CHAR(3 BYTE), 
	"PHONE" CHAR(11 BYTE), 
	"MEMBER_LEVEL" NUMBER DEFAULT 1    --기본적으로 사용자 1 관리자만 0

   ) SEGMENT CREATION IMMEDIATE 
  PCTFREE 10 PCTUSED 40 INITRANS 1 MAXTRANS 255 NOCOMPRESS LOGGING
  STORAGE(INITIAL 65536 NEXT 1048576 MINEXTENTS 1 MAXEXTENTS 2147483645
  PCTINCREASE 0 FREELISTS 1 FREELIST GROUPS 1 BUFFER_POOL DEFAULT FLASH_CACHE DEFAULT CELL_FLASH_CACHE DEFAULT)
  TABLESPACE "SYSTEM" ;
--------------------------------------------------------
--  DDL for Table NOTICE
--------------------------------------------------------

  CREATE TABLE "HSDSEMI"."NOTICE" 
   (	"N_NUM" NUMBER, 
	"N_TITLE" VARCHAR2(50 BYTE), 
	"N_CONTENT" VARCHAR2(4000 BYTE), 
	"N_WRITER" VARCHAR2(20 BYTE), 
	"N_DATE" VARCHAR2(10 BYTE)
   ) SEGMENT CREATION IMMEDIATE 
  PCTFREE 10 PCTUSED 40 INITRANS 1 MAXTRANS 255 NOCOMPRESS LOGGING
  STORAGE(INITIAL 65536 NEXT 1048576 MINEXTENTS 1 MAXEXTENTS 2147483645
  PCTINCREASE 0 FREELISTS 1 FREELIST GROUPS 1 BUFFER_POOL DEFAULT FLASH_CACHE DEFAULT CELL_FLASH_CACHE DEFAULT)
  TABLESPACE "SYSTEM" ;
--------------------------------------------------------
--  DDL for Table POSTCOMENT
--------------------------------------------------------

  CREATE TABLE "HSDSEMI"."POSTCOMENT" 
   (	"PC_NUM" NUMBER, 
	"PC_WRITER" VARCHAR2(20 BYTE), 
	"PC_CONTENT" VARCHAR2(2000 BYTE), 
	"PC_DATE" VARCHAR2(10 BYTE), 
	"PC_REF" NUMBER
   ) SEGMENT CREATION IMMEDIATE 
  PCTFREE 10 PCTUSED 40 INITRANS 1 MAXTRANS 255 NOCOMPRESS LOGGING
  STORAGE(INITIAL 65536 NEXT 1048576 MINEXTENTS 1 MAXEXTENTS 2147483645
  PCTINCREASE 0 FREELISTS 1 FREELIST GROUPS 1 BUFFER_POOL DEFAULT FLASH_CACHE DEFAULT CELL_FLASH_CACHE DEFAULT)
  TABLESPACE "SYSTEM" ;
--------------------------------------------------------
--  DDL for Table POSTSCRIPTE
--------------------------------------------------------

  CREATE TABLE "HSDSEMI"."POSTSCRIPTE" 
   (	"P_NUM" NUMBER, 
	"P_TITLE" VARCHAR2(50 BYTE), 
	"P_CONTENT" VARCHAR2(4000 BYTE), 
	"P_WRITER" VARCHAR2(20 BYTE), 
	"P_DATE" VARCHAR2(10 BYTE), 
	"FILENAME" VARCHAR2(30 BYTE), 
	"FILEPATH" VARCHAR2(30 BYTE)
   ) SEGMENT CREATION IMMEDIATE 
  PCTFREE 10 PCTUSED 40 INITRANS 1 MAXTRANS 255 NOCOMPRESS LOGGING
  STORAGE(INITIAL 65536 NEXT 1048576 MINEXTENTS 1 MAXEXTENTS 2147483645
  PCTINCREASE 0 FREELISTS 1 FREELIST GROUPS 1 BUFFER_POOL DEFAULT FLASH_CACHE DEFAULT CELL_FLASH_CACHE DEFAULT)
  TABLESPACE "SYSTEM" ;
--------------------------------------------------------
--  DDL for Table QNA
--------------------------------------------------------

  CREATE TABLE "HSDSEMI"."QNA" 
   (	"Q_NUM" NUMBER, 
	"Q_TITLE" VARCHAR2(50 BYTE), 
	"Q_CONTENT" VARCHAR2(4000 BYTE), 
	"Q_WRITER" VARCHAR2(20 BYTE), 
	"Q_DATE" VARCHAR2(10 BYTE), 
	"OPEN_CHK" CHAR(1 BYTE)
   ) SEGMENT CREATION IMMEDIATE 
  PCTFREE 10 PCTUSED 40 INITRANS 1 MAXTRANS 255 NOCOMPRESS LOGGING
  STORAGE(INITIAL 65536 NEXT 1048576 MINEXTENTS 1 MAXEXTENTS 2147483645
  PCTINCREASE 0 FREELISTS 1 FREELIST GROUPS 1 BUFFER_POOL DEFAULT FLASH_CACHE DEFAULT CELL_FLASH_CACHE DEFAULT)
  TABLESPACE "SYSTEM" ;
--------------------------------------------------------
--  DDL for Table QNACOMENT
--------------------------------------------------------

  CREATE TABLE "HSDSEMI"."QNACOMENT" 
   (	"QC_NUM" NUMBER, 
	"QC_WRITER" VARCHAR2(20 BYTE), 
	"QC_CONTENT" VARCHAR2(2000 BYTE), 
	"QC_DATE" VARCHAR2(10 BYTE), 
	"QC_REF" NUMBER
   ) SEGMENT CREATION IMMEDIATE 
  PCTFREE 10 PCTUSED 40 INITRANS 1 MAXTRANS 255 NOCOMPRESS LOGGING
  STORAGE(INITIAL 65536 NEXT 1048576 MINEXTENTS 1 MAXEXTENTS 2147483645
  PCTINCREASE 0 FREELISTS 1 FREELIST GROUPS 1 BUFFER_POOL DEFAULT FLASH_CACHE DEFAULT CELL_FLASH_CACHE DEFAULT)
  TABLESPACE "SYSTEM" ;
--------------------------------------------------------
--  DDL for Table RESERVE
--------------------------------------------------------

  CREATE TABLE "HSDSEMI"."RESERVE" 
   (	"R_NUM" NUMBER, 
	"NAME" VARCHAR2(20 BYTE), 
	"PHONE" CHAR(11 BYTE), 
	"R_DATE" VARCHAR2(10 BYTE), 
	"S_TIME" VARCHAR2(5 BYTE), 
	"E_TIME" VARCHAR2(5 BYTE), 
	"CONCEPT" VARCHAR2(20 BYTE), 
	"CUTNUM" NUMBER, 
	"R_CHECK" CHAR(1 BYTE), 
	"R_PASS" CHAR(4 BYTE)
   ) SEGMENT CREATION IMMEDIATE 
  PCTFREE 10 PCTUSED 40 INITRANS 1 MAXTRANS 255 NOCOMPRESS LOGGING
  STORAGE(INITIAL 65536 NEXT 1048576 MINEXTENTS 1 MAXEXTENTS 2147483645
  PCTINCREASE 0 FREELISTS 1 FREELIST GROUPS 1 BUFFER_POOL DEFAULT FLASH_CACHE DEFAULT CELL_FLASH_CACHE DEFAULT)
  TABLESPACE "SYSTEM" ;
--------------------------------------------------------
--  DDL for Sequence FAQ_SEQ
--------------------------------------------------------

   CREATE SEQUENCE  "HSDSEMI"."FAQ_SEQ"  MINVALUE 1 MAXVALUE 9999999999999999999999999999 INCREMENT BY 1 START WITH 61 CACHE 20 NOORDER  NOCYCLE ;
--------------------------------------------------------
--  DDL for Sequence G_SEQ
--------------------------------------------------------

   CREATE SEQUENCE  "HSDSEMI"."G_SEQ"  MINVALUE 1 MAXVALUE 9999999999999999999999999999 INCREMENT BY 1 START WITH 41 CACHE 20 NOORDER  NOCYCLE ;
--------------------------------------------------------
--  DDL for Sequence MEM_SEQ
--------------------------------------------------------

   CREATE SEQUENCE  "HSDSEMI"."MEM_SEQ"  MINVALUE 1 MAXVALUE 9999999999999999999999999999 INCREMENT BY 1 START WITH 61 CACHE 20 NOORDER  NOCYCLE ;
--------------------------------------------------------
--  DDL for Sequence NOTICE_SEQ
--------------------------------------------------------

   CREATE SEQUENCE  "HSDSEMI"."NOTICE_SEQ"  MINVALUE 1 MAXVALUE 9999999999999999999999999999 INCREMENT BY 1 START WITH 61 CACHE 20 NOORDER  NOCYCLE ;
--------------------------------------------------------
--  DDL for Sequence POSTCOMENT_SEQ
--------------------------------------------------------

   CREATE SEQUENCE  "HSDSEMI"."POSTCOMENT_SEQ"  MINVALUE 1 MAXVALUE 9999999999999999999999999999 INCREMENT BY 1 START WITH 81 CACHE 20 NOORDER  NOCYCLE ;
--------------------------------------------------------
--  DDL for Sequence POST_SEQ
--------------------------------------------------------

   CREATE SEQUENCE  "HSDSEMI"."POST_SEQ"  MINVALUE 1 MAXVALUE 9999999999999999999999999999 INCREMENT BY 1 START WITH 101 CACHE 20 NOORDER  NOCYCLE ;
--------------------------------------------------------
--  DDL for Sequence QNACOMENT_SEQ
--------------------------------------------------------

   CREATE SEQUENCE  "HSDSEMI"."QNACOMENT_SEQ"  MINVALUE 1 MAXVALUE 9999999999999999999999999999 INCREMENT BY 1 START WITH 41 CACHE 20 NOORDER  NOCYCLE ;
--------------------------------------------------------
--  DDL for Sequence QNA_SEQ
--------------------------------------------------------

   CREATE SEQUENCE  "HSDSEMI"."QNA_SEQ"  MINVALUE 1 MAXVALUE 9999999999999999999999999999 INCREMENT BY 1 START WITH 101 CACHE 20 NOORDER  NOCYCLE ;
--------------------------------------------------------
--  DDL for Sequence RESERVE_SEQ
--------------------------------------------------------

   CREATE SEQUENCE  "HSDSEMI"."RESERVE_SEQ"  MINVALUE 1 MAXVALUE 9999999999999999999999999999 INCREMENT BY 1 START WITH 41 CACHE 20 NOORDER  NOCYCLE ;
REM INSERTING into HSDSEMI.FAQ
SET DEFINE OFF;
Insert into HSDSEMI.FAQ (F_NUM,F_TITLE) values (44,'메이크업 어디까지하고가야해요? 쌩얼로가도되요?');
Insert into HSDSEMI.FAQ (F_NUM,F_TITLE) values (49,'사진파일도 주시나요?');
Insert into HSDSEMI.FAQ (F_NUM,F_TITLE) values (45,'사진 재수정 되나요?');
Insert into HSDSEMI.FAQ (F_NUM,F_TITLE) values (47,'다른사이즈로 추가인화 가능한가요? 얼마인가요?');
Insert into HSDSEMI.FAQ (F_NUM,F_TITLE) values (48,'스튜디오에서 사진보관은 언제까지하나요?');
REM INSERTING into HSDSEMI.GALLERY
SET DEFINE OFF;
Insert into HSDSEMI.GALLERY (G_NUM,G_WRITER,G_CONTENT,G_FILEPATH) values (21,'admin','1','body1.jpg');
Insert into HSDSEMI.GALLERY (G_NUM,G_WRITER,G_CONTENT,G_FILEPATH) values (22,'admin','2','body2.jpg');
Insert into HSDSEMI.GALLERY (G_NUM,G_WRITER,G_CONTENT,G_FILEPATH) values (23,'admin','3','body3.jpg');
Insert into HSDSEMI.GALLERY (G_NUM,G_WRITER,G_CONTENT,G_FILEPATH) values (24,'admin','4','body4.jpg');
Insert into HSDSEMI.GALLERY (G_NUM,G_WRITER,G_CONTENT,G_FILEPATH) values (25,'admin','5','body5.jpg');
Insert into HSDSEMI.GALLERY (G_NUM,G_WRITER,G_CONTENT,G_FILEPATH) values (27,'admin','6','body61.jpg');
Insert into HSDSEMI.GALLERY (G_NUM,G_WRITER,G_CONTENT,G_FILEPATH) values (28,'admin','7','body7.jpg');
Insert into HSDSEMI.GALLERY (G_NUM,G_WRITER,G_CONTENT,G_FILEPATH) values (29,'admin','8','body8.jpg');
Insert into HSDSEMI.GALLERY (G_NUM,G_WRITER,G_CONTENT,G_FILEPATH) values (30,'admin','9','body9.jpg');
Insert into HSDSEMI.GALLERY (G_NUM,G_WRITER,G_CONTENT,G_FILEPATH) values (31,'admin','10','body10.jpg');
Insert into HSDSEMI.GALLERY (G_NUM,G_WRITER,G_CONTENT,G_FILEPATH) values (36,'admin','13','profile3.jpg');
Insert into HSDSEMI.GALLERY (G_NUM,G_WRITER,G_CONTENT,G_FILEPATH) values (34,'admin','11','profile1.jpg');
Insert into HSDSEMI.GALLERY (G_NUM,G_WRITER,G_CONTENT,G_FILEPATH) values (35,'admin','12','profile2.jpg');
Insert into HSDSEMI.GALLERY (G_NUM,G_WRITER,G_CONTENT,G_FILEPATH) values (38,'admin','13','proflie7.jpg');
REM INSERTING into HSDSEMI.MEMBER
SET DEFINE OFF;
Insert into HSDSEMI.MEMBER (MEMBER_ID,MEMBER_PW,MEMBER_NAME,ADDRESS,EMAIL,BIRTH,GENDER,PHONE,MEMBER_LEVEL) values ('admin','1234','관리자','서울','email','00000022','여','01012345678',0);
Insert into HSDSEMI.MEMBER (MEMBER_ID,MEMBER_PW,MEMBER_NAME,ADDRESS,EMAIL,BIRTH,GENDER,PHONE,MEMBER_LEVEL) values ('user01','1234','유저1','경기도 수원시','user01@email.com','19880818','남','01011112222',1);
Insert into HSDSEMI.MEMBER (MEMBER_ID,MEMBER_PW,MEMBER_NAME,ADDRESS,EMAIL,BIRTH,GENDER,PHONE,MEMBER_LEVEL) values ('id03','1234','name03','서울시','email03','20101002','여','01055558888',1);
Insert into HSDSEMI.MEMBER (MEMBER_ID,MEMBER_PW,MEMBER_NAME,ADDRESS,EMAIL,BIRTH,GENDER,PHONE,MEMBER_LEVEL) values ('id04','1234','name04','용인시','email04','20010506','여','01056658338',1);
Insert into HSDSEMI.MEMBER (MEMBER_ID,MEMBER_PW,MEMBER_NAME,ADDRESS,EMAIL,BIRTH,GENDER,PHONE,MEMBER_LEVEL) values ('id02','1234','name02','인천시','email','20100102','남','01055558888',1);
Insert into HSDSEMI.MEMBER (MEMBER_ID,MEMBER_PW,MEMBER_NAME,ADDRESS,EMAIL,BIRTH,GENDER,PHONE,MEMBER_LEVEL) values ('id05','1234','name05','부산시','email02','19901005','남','01056658338',1);
Insert into HSDSEMI.MEMBER (MEMBER_ID,MEMBER_PW,MEMBER_NAME,ADDRESS,EMAIL,BIRTH,GENDER,PHONE,MEMBER_LEVEL) values ('id06','1234','name056','부산시','email','20010507','남','01056658338',1);
Insert into HSDSEMI.MEMBER (MEMBER_ID,MEMBER_PW,MEMBER_NAME,ADDRESS,EMAIL,BIRTH,GENDER,PHONE,MEMBER_LEVEL) values ('id07','1234','name07','부산시','email','20010507','남','01056658338',1);
Insert into HSDSEMI.MEMBER (MEMBER_ID,MEMBER_PW,MEMBER_NAME,ADDRESS,EMAIL,BIRTH,GENDER,PHONE,MEMBER_LEVEL) values ('id08','1234','name08','부산시','email','20010507','남','01056658338',1);
Insert into HSDSEMI.MEMBER (MEMBER_ID,MEMBER_PW,MEMBER_NAME,ADDRESS,EMAIL,BIRTH,GENDER,PHONE,MEMBER_LEVEL) values ('id09','1234','name09','부산시','email','20010507','남','01056658338',1);
Insert into HSDSEMI.MEMBER (MEMBER_ID,MEMBER_PW,MEMBER_NAME,ADDRESS,EMAIL,BIRTH,GENDER,PHONE,MEMBER_LEVEL) values ('id10','1234','name10','부산시','email','20010507','남','01056658338',1);
Insert into HSDSEMI.MEMBER (MEMBER_ID,MEMBER_PW,MEMBER_NAME,ADDRESS,EMAIL,BIRTH,GENDER,PHONE,MEMBER_LEVEL) values ('id11','1234','name11','부산시','email','20010507','남','01056658338',1);
Insert into HSDSEMI.MEMBER (MEMBER_ID,MEMBER_PW,MEMBER_NAME,ADDRESS,EMAIL,BIRTH,GENDER,PHONE,MEMBER_LEVEL) values ('id12','1234','name12','부산시','email','20010507','남','01056658338',1);
Insert into HSDSEMI.MEMBER (MEMBER_ID,MEMBER_PW,MEMBER_NAME,ADDRESS,EMAIL,BIRTH,GENDER,PHONE,MEMBER_LEVEL) values ('id13','1234','name13','부산시','email','20010507','남','01056658338',1);
Insert into HSDSEMI.MEMBER (MEMBER_ID,MEMBER_PW,MEMBER_NAME,ADDRESS,EMAIL,BIRTH,GENDER,PHONE,MEMBER_LEVEL) values ('id14','1234','name14','부산시','email','20010507','남','01056658338',1);
Insert into HSDSEMI.MEMBER (MEMBER_ID,MEMBER_PW,MEMBER_NAME,ADDRESS,EMAIL,BIRTH,GENDER,PHONE,MEMBER_LEVEL) values ('id15','1234','name15','부산시','email','20010507','남','01056658338',1);
Insert into HSDSEMI.MEMBER (MEMBER_ID,MEMBER_PW,MEMBER_NAME,ADDRESS,EMAIL,BIRTH,GENDER,PHONE,MEMBER_LEVEL) values ('id16','1234','name16','부산시','email','20010507','남','01056658338',1);
Insert into HSDSEMI.MEMBER (MEMBER_ID,MEMBER_PW,MEMBER_NAME,ADDRESS,EMAIL,BIRTH,GENDER,PHONE,MEMBER_LEVEL) values ('id17','1234','name17','부산시','email','20010507','남','01056658338',1);
Insert into HSDSEMI.MEMBER (MEMBER_ID,MEMBER_PW,MEMBER_NAME,ADDRESS,EMAIL,BIRTH,GENDER,PHONE,MEMBER_LEVEL) values ('id18','1234','name18','부산시','email','20010507','남','01056658338',1);
Insert into HSDSEMI.MEMBER (MEMBER_ID,MEMBER_PW,MEMBER_NAME,ADDRESS,EMAIL,BIRTH,GENDER,PHONE,MEMBER_LEVEL) values ('id19','1234','name19','부산시','email','20010507','남','01056658338',1);
Insert into HSDSEMI.MEMBER (MEMBER_ID,MEMBER_PW,MEMBER_NAME,ADDRESS,EMAIL,BIRTH,GENDER,PHONE,MEMBER_LEVEL) values ('id20','1234','name20','부산시','email','20010507','남','01056658338',1);
Insert into HSDSEMI.MEMBER (MEMBER_ID,MEMBER_PW,MEMBER_NAME,ADDRESS,EMAIL,BIRTH,GENDER,PHONE,MEMBER_LEVEL) values ('id1','1234','user1','서울시 강남구 삼성동','mail1','20200510','여','010112222  ',1);
Insert into HSDSEMI.MEMBER (MEMBER_ID,MEMBER_PW,MEMBER_NAME,ADDRESS,EMAIL,BIRTH,GENDER,PHONE,MEMBER_LEVEL) values ('id002','1234','user2','서울시 강남구 삼성동','mail2','20200510','여','010122222  ',1);
Insert into HSDSEMI.MEMBER (MEMBER_ID,MEMBER_PW,MEMBER_NAME,ADDRESS,EMAIL,BIRTH,GENDER,PHONE,MEMBER_LEVEL) values ('id003','1234','user3','서울시 강남구 삼성동','mail3','20200510','여','010132222  ',1);
Insert into HSDSEMI.MEMBER (MEMBER_ID,MEMBER_PW,MEMBER_NAME,ADDRESS,EMAIL,BIRTH,GENDER,PHONE,MEMBER_LEVEL) values ('id004','1234','user4','서울시 강남구 삼성동','mail4','20200510','여','010142222  ',1);
Insert into HSDSEMI.MEMBER (MEMBER_ID,MEMBER_PW,MEMBER_NAME,ADDRESS,EMAIL,BIRTH,GENDER,PHONE,MEMBER_LEVEL) values ('id005','1234','user5','서울시 강남구 삼성동','mail5','20200510','여','010152222  ',1);
Insert into HSDSEMI.MEMBER (MEMBER_ID,MEMBER_PW,MEMBER_NAME,ADDRESS,EMAIL,BIRTH,GENDER,PHONE,MEMBER_LEVEL) values ('id006','1234','user6','서울시 강남구 삼성동','mail6','20200510','여','010162222  ',1);
Insert into HSDSEMI.MEMBER (MEMBER_ID,MEMBER_PW,MEMBER_NAME,ADDRESS,EMAIL,BIRTH,GENDER,PHONE,MEMBER_LEVEL) values ('id007','1234','user7','서울시 강남구 삼성동','mail7','20200510','여','010172222  ',1);
Insert into HSDSEMI.MEMBER (MEMBER_ID,MEMBER_PW,MEMBER_NAME,ADDRESS,EMAIL,BIRTH,GENDER,PHONE,MEMBER_LEVEL) values ('id008','1234','user8','서울시 강남구 삼성동','mail8','20200510','여','010182222  ',1);
Insert into HSDSEMI.MEMBER (MEMBER_ID,MEMBER_PW,MEMBER_NAME,ADDRESS,EMAIL,BIRTH,GENDER,PHONE,MEMBER_LEVEL) values ('id009','1234','user9','서울시 강남구 삼성동','mail9','20200510','여','010192222  ',1);
Insert into HSDSEMI.MEMBER (MEMBER_ID,MEMBER_PW,MEMBER_NAME,ADDRESS,EMAIL,BIRTH,GENDER,PHONE,MEMBER_LEVEL) values ('id0010','1234','user10','서울시 강남구 삼성동','mail10','20200510','여','0101102222 ',1);
Insert into HSDSEMI.MEMBER (MEMBER_ID,MEMBER_PW,MEMBER_NAME,ADDRESS,EMAIL,BIRTH,GENDER,PHONE,MEMBER_LEVEL) values ('id0011','1234','user11','서울시 강남구 삼성동','mail11','20200510','여','0101112222 ',1);
Insert into HSDSEMI.MEMBER (MEMBER_ID,MEMBER_PW,MEMBER_NAME,ADDRESS,EMAIL,BIRTH,GENDER,PHONE,MEMBER_LEVEL) values ('id0012','1234','user12','서울시 강남구 삼성동','mail12','20200510','여','0101122222 ',1);
Insert into HSDSEMI.MEMBER (MEMBER_ID,MEMBER_PW,MEMBER_NAME,ADDRESS,EMAIL,BIRTH,GENDER,PHONE,MEMBER_LEVEL) values ('id0013','1234','user13','서울시 강남구 삼성동','mail13','20200510','여','0101132222 ',1);
Insert into HSDSEMI.MEMBER (MEMBER_ID,MEMBER_PW,MEMBER_NAME,ADDRESS,EMAIL,BIRTH,GENDER,PHONE,MEMBER_LEVEL) values ('id0014','1234','user14','서울시 강남구 삼성동','mail14','20200510','여','0101142222 ',1);
Insert into HSDSEMI.MEMBER (MEMBER_ID,MEMBER_PW,MEMBER_NAME,ADDRESS,EMAIL,BIRTH,GENDER,PHONE,MEMBER_LEVEL) values ('id0015','1234','user15','서울시 강남구 삼성동','mail15','20200510','여','0101152222 ',1);
Insert into HSDSEMI.MEMBER (MEMBER_ID,MEMBER_PW,MEMBER_NAME,ADDRESS,EMAIL,BIRTH,GENDER,PHONE,MEMBER_LEVEL) values ('id0016','1234','user16','서울시 강남구 삼성동','mail16','20200510','여','0101162222 ',1);
Insert into HSDSEMI.MEMBER (MEMBER_ID,MEMBER_PW,MEMBER_NAME,ADDRESS,EMAIL,BIRTH,GENDER,PHONE,MEMBER_LEVEL) values ('id0017','1234','user17','서울시 강남구 삼성동','mail17','20200510','여','0101172222 ',1);
Insert into HSDSEMI.MEMBER (MEMBER_ID,MEMBER_PW,MEMBER_NAME,ADDRESS,EMAIL,BIRTH,GENDER,PHONE,MEMBER_LEVEL) values ('id0018','1234','user18','서울시 강남구 삼성동','mail18','20200510','여','0101182222 ',1);
Insert into HSDSEMI.MEMBER (MEMBER_ID,MEMBER_PW,MEMBER_NAME,ADDRESS,EMAIL,BIRTH,GENDER,PHONE,MEMBER_LEVEL) values ('id0019','1234','user19','서울시 강남구 삼성동','mail19','20200510','여','0101192222 ',1);
Insert into HSDSEMI.MEMBER (MEMBER_ID,MEMBER_PW,MEMBER_NAME,ADDRESS,EMAIL,BIRTH,GENDER,PHONE,MEMBER_LEVEL) values ('id0020','1234','user20','서울시 강남구 삼성동','mail20','20200510','여','0101202222 ',1);
Insert into HSDSEMI.MEMBER (MEMBER_ID,MEMBER_PW,MEMBER_NAME,ADDRESS,EMAIL,BIRTH,GENDER,PHONE,MEMBER_LEVEL) values ('id0021','1234','user21','서울시 강남구 삼성동','mail21','20200510','여','0101212222 ',1);
Insert into HSDSEMI.MEMBER (MEMBER_ID,MEMBER_PW,MEMBER_NAME,ADDRESS,EMAIL,BIRTH,GENDER,PHONE,MEMBER_LEVEL) values ('id0022','1234','user22','서울시 강남구 삼성동','mail22','20200510','여','0101222222 ',1);
Insert into HSDSEMI.MEMBER (MEMBER_ID,MEMBER_PW,MEMBER_NAME,ADDRESS,EMAIL,BIRTH,GENDER,PHONE,MEMBER_LEVEL) values ('id0023','1234','user23','서울시 강남구 삼성동','mail23','20200510','여','0101232222 ',1);
Insert into HSDSEMI.MEMBER (MEMBER_ID,MEMBER_PW,MEMBER_NAME,ADDRESS,EMAIL,BIRTH,GENDER,PHONE,MEMBER_LEVEL) values ('id0024','1234','user24','서울시 강남구 삼성동','mail24','20200510','여','0101242222 ',1);
Insert into HSDSEMI.MEMBER (MEMBER_ID,MEMBER_PW,MEMBER_NAME,ADDRESS,EMAIL,BIRTH,GENDER,PHONE,MEMBER_LEVEL) values ('id0025','1234','user25','서울시 강남구 삼성동','mail25','20200510','여','0101252222 ',1);
Insert into HSDSEMI.MEMBER (MEMBER_ID,MEMBER_PW,MEMBER_NAME,ADDRESS,EMAIL,BIRTH,GENDER,PHONE,MEMBER_LEVEL) values ('id0026','1234','user26','서울시 강남구 삼성동','mail26','20200510','여','0101262222 ',1);
Insert into HSDSEMI.MEMBER (MEMBER_ID,MEMBER_PW,MEMBER_NAME,ADDRESS,EMAIL,BIRTH,GENDER,PHONE,MEMBER_LEVEL) values ('id0027','1234','user27','서울시 강남구 삼성동','mail27','20200510','여','0101272222 ',1);
Insert into HSDSEMI.MEMBER (MEMBER_ID,MEMBER_PW,MEMBER_NAME,ADDRESS,EMAIL,BIRTH,GENDER,PHONE,MEMBER_LEVEL) values ('id0028','1234','user28','서울시 강남구 삼성동','mail28','20200510','여','0101282222 ',1);
Insert into HSDSEMI.MEMBER (MEMBER_ID,MEMBER_PW,MEMBER_NAME,ADDRESS,EMAIL,BIRTH,GENDER,PHONE,MEMBER_LEVEL) values ('id0029','1234','user29','서울시 강남구 삼성동','mail29','20200510','여','0101292222 ',1);
Insert into HSDSEMI.MEMBER (MEMBER_ID,MEMBER_PW,MEMBER_NAME,ADDRESS,EMAIL,BIRTH,GENDER,PHONE,MEMBER_LEVEL) values ('id0030','1234','user30','서울시 강남구 삼성동','mail30','20200510','여','0101302222 ',1);
Insert into HSDSEMI.MEMBER (MEMBER_ID,MEMBER_PW,MEMBER_NAME,ADDRESS,EMAIL,BIRTH,GENDER,PHONE,MEMBER_LEVEL) values ('id0031','1234','user31','서울시 강남구 삼성동','mail31','20200510','여','0101312222 ',1);
Insert into HSDSEMI.MEMBER (MEMBER_ID,MEMBER_PW,MEMBER_NAME,ADDRESS,EMAIL,BIRTH,GENDER,PHONE,MEMBER_LEVEL) values ('id0032','1234','user32','서울시 강남구 삼성동','mail32','20200510','여','0101322222 ',1);
Insert into HSDSEMI.MEMBER (MEMBER_ID,MEMBER_PW,MEMBER_NAME,ADDRESS,EMAIL,BIRTH,GENDER,PHONE,MEMBER_LEVEL) values ('id0033','1234','user33','서울시 강남구 삼성동','mail33','20200510','여','0101332222 ',1);
Insert into HSDSEMI.MEMBER (MEMBER_ID,MEMBER_PW,MEMBER_NAME,ADDRESS,EMAIL,BIRTH,GENDER,PHONE,MEMBER_LEVEL) values ('id0034','1234','user34','서울시 강남구 삼성동','mail34','20200510','여','0101342222 ',1);
Insert into HSDSEMI.MEMBER (MEMBER_ID,MEMBER_PW,MEMBER_NAME,ADDRESS,EMAIL,BIRTH,GENDER,PHONE,MEMBER_LEVEL) values ('id0035','1234','user35','서울시 강남구 삼성동','mail35','20200510','여','0101352222 ',1);
Insert into HSDSEMI.MEMBER (MEMBER_ID,MEMBER_PW,MEMBER_NAME,ADDRESS,EMAIL,BIRTH,GENDER,PHONE,MEMBER_LEVEL) values ('id0036','1234','user36','서울시 강남구 삼성동','mail36','20200510','여','0101362222 ',1);
Insert into HSDSEMI.MEMBER (MEMBER_ID,MEMBER_PW,MEMBER_NAME,ADDRESS,EMAIL,BIRTH,GENDER,PHONE,MEMBER_LEVEL) values ('id0037','1234','user37','서울시 강남구 삼성동','mail37','20200510','여','0101372222 ',1);
Insert into HSDSEMI.MEMBER (MEMBER_ID,MEMBER_PW,MEMBER_NAME,ADDRESS,EMAIL,BIRTH,GENDER,PHONE,MEMBER_LEVEL) values ('id0038','1234','user38','서울시 강남구 삼성동','mail38','20200510','여','0101382222 ',1);
Insert into HSDSEMI.MEMBER (MEMBER_ID,MEMBER_PW,MEMBER_NAME,ADDRESS,EMAIL,BIRTH,GENDER,PHONE,MEMBER_LEVEL) values ('id0039','1234','user39','서울시 강남구 삼성동','mail39','20200510','여','0101392222 ',1);
Insert into HSDSEMI.MEMBER (MEMBER_ID,MEMBER_PW,MEMBER_NAME,ADDRESS,EMAIL,BIRTH,GENDER,PHONE,MEMBER_LEVEL) values ('id0040','1234','user40','서울시 강남구 삼성동','mail40','20200510','여','0101402222 ',1);
Insert into HSDSEMI.MEMBER (MEMBER_ID,MEMBER_PW,MEMBER_NAME,ADDRESS,EMAIL,BIRTH,GENDER,PHONE,MEMBER_LEVEL) values ('id0041','1234','user41','서울시 강남구 삼성동','mail41','20200510','여','0101412222 ',1);
Insert into HSDSEMI.MEMBER (MEMBER_ID,MEMBER_PW,MEMBER_NAME,ADDRESS,EMAIL,BIRTH,GENDER,PHONE,MEMBER_LEVEL) values ('id0042','1234','user42','서울시 강남구 삼성동','mail42','20200510','여','0101422222 ',1);
Insert into HSDSEMI.MEMBER (MEMBER_ID,MEMBER_PW,MEMBER_NAME,ADDRESS,EMAIL,BIRTH,GENDER,PHONE,MEMBER_LEVEL) values ('id0043','1234','user43','서울시 강남구 삼성동','mail43','20200510','여','0101432222 ',1);
Insert into HSDSEMI.MEMBER (MEMBER_ID,MEMBER_PW,MEMBER_NAME,ADDRESS,EMAIL,BIRTH,GENDER,PHONE,MEMBER_LEVEL) values ('id0044','1234','user44','서울시 강남구 삼성동','mail44','20200510','여','0101442222 ',1);
Insert into HSDSEMI.MEMBER (MEMBER_ID,MEMBER_PW,MEMBER_NAME,ADDRESS,EMAIL,BIRTH,GENDER,PHONE,MEMBER_LEVEL) values ('id0045','1234','user45','서울시 강남구 삼성동','mail45','20200510','여','0101452222 ',1);
Insert into HSDSEMI.MEMBER (MEMBER_ID,MEMBER_PW,MEMBER_NAME,ADDRESS,EMAIL,BIRTH,GENDER,PHONE,MEMBER_LEVEL) values ('id0046','1234','user46','서울시 강남구 삼성동','mail46','20200510','여','0101462222 ',1);
Insert into HSDSEMI.MEMBER (MEMBER_ID,MEMBER_PW,MEMBER_NAME,ADDRESS,EMAIL,BIRTH,GENDER,PHONE,MEMBER_LEVEL) values ('id0047','1234','user47','서울시 강남구 삼성동','mail47','20200510','여','0101472222 ',1);
Insert into HSDSEMI.MEMBER (MEMBER_ID,MEMBER_PW,MEMBER_NAME,ADDRESS,EMAIL,BIRTH,GENDER,PHONE,MEMBER_LEVEL) values ('id0048','1234','user48','서울시 강남구 삼성동','mail48','20200510','여','0101482222 ',1);
Insert into HSDSEMI.MEMBER (MEMBER_ID,MEMBER_PW,MEMBER_NAME,ADDRESS,EMAIL,BIRTH,GENDER,PHONE,MEMBER_LEVEL) values ('id0049','1234','user49','서울시 강남구 삼성동','mail49','20200510','여','0101492222 ',1);
Insert into HSDSEMI.MEMBER (MEMBER_ID,MEMBER_PW,MEMBER_NAME,ADDRESS,EMAIL,BIRTH,GENDER,PHONE,MEMBER_LEVEL) values ('id0050','1234','user50','서울시 강남구 삼성동','mail50','20200510','여','0101502222 ',1);
Insert into HSDSEMI.MEMBER (MEMBER_ID,MEMBER_PW,MEMBER_NAME,ADDRESS,EMAIL,BIRTH,GENDER,PHONE,MEMBER_LEVEL) values ('id0051','1234','user51','서울시 강남구 삼성동','mail51','20200510','여','0101512222 ',1);
Insert into HSDSEMI.MEMBER (MEMBER_ID,MEMBER_PW,MEMBER_NAME,ADDRESS,EMAIL,BIRTH,GENDER,PHONE,MEMBER_LEVEL) values ('id0052','1234','user52','서울시 강남구 삼성동','mail52','20200510','여','0101522222 ',1);
Insert into HSDSEMI.MEMBER (MEMBER_ID,MEMBER_PW,MEMBER_NAME,ADDRESS,EMAIL,BIRTH,GENDER,PHONE,MEMBER_LEVEL) values ('id0053','1234','user53','서울시 강남구 삼성동','mail53','20200510','여','0101532222 ',1);
Insert into HSDSEMI.MEMBER (MEMBER_ID,MEMBER_PW,MEMBER_NAME,ADDRESS,EMAIL,BIRTH,GENDER,PHONE,MEMBER_LEVEL) values ('id0054','1234','user54','서울시 강남구 삼성동','mail54','20200510','여','0101542222 ',1);
Insert into HSDSEMI.MEMBER (MEMBER_ID,MEMBER_PW,MEMBER_NAME,ADDRESS,EMAIL,BIRTH,GENDER,PHONE,MEMBER_LEVEL) values ('id0055','1234','user55','서울시 강남구 삼성동','mail55','20200510','여','0101552222 ',1);
Insert into HSDSEMI.MEMBER (MEMBER_ID,MEMBER_PW,MEMBER_NAME,ADDRESS,EMAIL,BIRTH,GENDER,PHONE,MEMBER_LEVEL) values ('id0056','1234','user56','서울시 강남구 삼성동','mail56','20200510','여','0101562222 ',1);
Insert into HSDSEMI.MEMBER (MEMBER_ID,MEMBER_PW,MEMBER_NAME,ADDRESS,EMAIL,BIRTH,GENDER,PHONE,MEMBER_LEVEL) values ('id0057','1234','user57','서울시 강남구 삼성동','mail57','20200510','여','0101572222 ',1);
Insert into HSDSEMI.MEMBER (MEMBER_ID,MEMBER_PW,MEMBER_NAME,ADDRESS,EMAIL,BIRTH,GENDER,PHONE,MEMBER_LEVEL) values ('1548422327','1234','윤석호','경기도','email','19921226','남','01099721463',1);
Insert into HSDSEMI.MEMBER (MEMBER_ID,MEMBER_PW,MEMBER_NAME,ADDRESS,EMAIL,BIRTH,GENDER,PHONE,MEMBER_LEVEL) values ('user02','1234','name002','주소주소','name02@mail.mail','19921010','남','01056658330',1);
Insert into HSDSEMI.MEMBER (MEMBER_ID,MEMBER_PW,MEMBER_NAME,ADDRESS,EMAIL,BIRTH,GENDER,PHONE,MEMBER_LEVEL) values ('user03','1234','name002','addr02','mail03','19980505','남','01056658330',1);
Insert into HSDSEMI.MEMBER (MEMBER_ID,MEMBER_PW,MEMBER_NAME,ADDRESS,EMAIL,BIRTH,GENDER,PHONE,MEMBER_LEVEL) values ('이제훈','1234','이제훈','서울','1234','19900202','남','01012345678',1);
Insert into HSDSEMI.MEMBER (MEMBER_ID,MEMBER_PW,MEMBER_NAME,ADDRESS,EMAIL,BIRTH,GENDER,PHONE,MEMBER_LEVEL) values ('수지','1234','수지','서울','1234','1990202 ','여','01012345678',1);
Insert into HSDSEMI.MEMBER (MEMBER_ID,MEMBER_PW,MEMBER_NAME,ADDRESS,EMAIL,BIRTH,GENDER,PHONE,MEMBER_LEVEL) values ('exo','1234','엑소','서울','1234','19900202','남','01012345678',1);
Insert into HSDSEMI.MEMBER (MEMBER_ID,MEMBER_PW,MEMBER_NAME,ADDRESS,EMAIL,BIRTH,GENDER,PHONE,MEMBER_LEVEL) values ('김선호','1234','김선호','서울','123','19900202','남','01012345678',1);
Insert into HSDSEMI.MEMBER (MEMBER_ID,MEMBER_PW,MEMBER_NAME,ADDRESS,EMAIL,BIRTH,GENDER,PHONE,MEMBER_LEVEL) values ('치츄','1234','지수','서울','1234','19900201','여','010        ',1);
Insert into HSDSEMI.MEMBER (MEMBER_ID,MEMBER_PW,MEMBER_NAME,ADDRESS,EMAIL,BIRTH,GENDER,PHONE,MEMBER_LEVEL) values ('이동욱','1234','이동욱','1234','1234','123     ','남','1234       ',1);
Insert into HSDSEMI.MEMBER (MEMBER_ID,MEMBER_PW,MEMBER_NAME,ADDRESS,EMAIL,BIRTH,GENDER,PHONE,MEMBER_LEVEL) values ('슬기','1234','슬기','1234','1234','1234    ','여','1234       ',1);
Insert into HSDSEMI.MEMBER (MEMBER_ID,MEMBER_PW,MEMBER_NAME,ADDRESS,EMAIL,BIRTH,GENDER,PHONE,MEMBER_LEVEL) values ('더보이즈','1234','더보이즈','1','1','1234    ','남','1234       ',1);
Insert into HSDSEMI.MEMBER (MEMBER_ID,MEMBER_PW,MEMBER_NAME,ADDRESS,EMAIL,BIRTH,GENDER,PHONE,MEMBER_LEVEL) values ('태연','1234','태연','1','1','1       ','여','1          ',1);
Insert into HSDSEMI.MEMBER (MEMBER_ID,MEMBER_PW,MEMBER_NAME,ADDRESS,EMAIL,BIRTH,GENDER,PHONE,MEMBER_LEVEL) values ('잇지','1234','잇지','1','1','1       ','여','1          ',1);
Insert into HSDSEMI.MEMBER (MEMBER_ID,MEMBER_PW,MEMBER_NAME,ADDRESS,EMAIL,BIRTH,GENDER,PHONE,MEMBER_LEVEL) values ('nct','1234','nct','1','1','1       ','남','1          ',1);
Insert into HSDSEMI.MEMBER (MEMBER_ID,MEMBER_PW,MEMBER_NAME,ADDRESS,EMAIL,BIRTH,GENDER,PHONE,MEMBER_LEVEL) values ('유승호','1234','유승호','1','1','1       ','여','1          ',1);
Insert into HSDSEMI.MEMBER (MEMBER_ID,MEMBER_PW,MEMBER_NAME,ADDRESS,EMAIL,BIRTH,GENDER,PHONE,MEMBER_LEVEL) values ('조보아','1234','조보아','1','1','1       ','여','1          ',1);
Insert into HSDSEMI.MEMBER (MEMBER_ID,MEMBER_PW,MEMBER_NAME,ADDRESS,EMAIL,BIRTH,GENDER,PHONE,MEMBER_LEVEL) values ('류진','1234','류진','1','1','1       ','여','1          ',1);
Insert into HSDSEMI.MEMBER (MEMBER_ID,MEMBER_PW,MEMBER_NAME,ADDRESS,EMAIL,BIRTH,GENDER,PHONE,MEMBER_LEVEL) values ('예지','1234','예지','1','1','1       ','여','1          ',1);
Insert into HSDSEMI.MEMBER (MEMBER_ID,MEMBER_PW,MEMBER_NAME,ADDRESS,EMAIL,BIRTH,GENDER,PHONE,MEMBER_LEVEL) values ('서강준','1234','서강준','1','1','1       ','남','1          ',1);
Insert into HSDSEMI.MEMBER (MEMBER_ID,MEMBER_PW,MEMBER_NAME,ADDRESS,EMAIL,BIRTH,GENDER,PHONE,MEMBER_LEVEL) values ('김소현','1234','김소현','1','1','1       ','여','1          ',1);
Insert into HSDSEMI.MEMBER (MEMBER_ID,MEMBER_PW,MEMBER_NAME,ADDRESS,EMAIL,BIRTH,GENDER,PHONE,MEMBER_LEVEL) values ('sonhs1996','sk95774949','손형석','충청북도 청주시 청원구 무심동로660번길 23 (보성아파트)','sonhs19996@naver.com','19960314','남','01033456908',1);
Insert into HSDSEMI.MEMBER (MEMBER_ID,MEMBER_PW,MEMBER_NAME,ADDRESS,EMAIL,BIRTH,GENDER,PHONE,MEMBER_LEVEL) values ('석호바보','12345','바보석호','null','null','null    ',null,'01011111111',1);
Insert into HSDSEMI.MEMBER (MEMBER_ID,MEMBER_PW,MEMBER_NAME,ADDRESS,EMAIL,BIRTH,GENDER,PHONE,MEMBER_LEVEL) values ('user1','1234','승주',null,null,null,null,'01097974819',1);
Insert into HSDSEMI.MEMBER (MEMBER_ID,MEMBER_PW,MEMBER_NAME,ADDRESS,EMAIL,BIRTH,GENDER,PHONE,MEMBER_LEVEL) values ('s','1234','김가영','thg','shfkscad','971026  ',null,'           ',1);
Insert into HSDSEMI.MEMBER (MEMBER_ID,MEMBER_PW,MEMBER_NAME,ADDRESS,EMAIL,BIRTH,GENDER,PHONE,MEMBER_LEVEL) values ('user3','1','user3','123','user3@naver.com','19930130','남','01041120138',1);
Insert into HSDSEMI.MEMBER (MEMBER_ID,MEMBER_PW,MEMBER_NAME,ADDRESS,EMAIL,BIRTH,GENDER,PHONE,MEMBER_LEVEL) values ('dkssud1','dkssud1','진현',null,null,null,'남','01084458045',1);
Insert into HSDSEMI.MEMBER (MEMBER_ID,MEMBER_PW,MEMBER_NAME,ADDRESS,EMAIL,BIRTH,GENDER,PHONE,MEMBER_LEVEL) values ('ㅁㄴㅇ','asasd','dasdas','d','dasd','asd     ','여','dasd       ',1);
Insert into HSDSEMI.MEMBER (MEMBER_ID,MEMBER_PW,MEMBER_NAME,ADDRESS,EMAIL,BIRTH,GENDER,PHONE,MEMBER_LEVEL) values ('ㅇㄹ','as','ㅇㄹㄴ','주소','wefwe',null,'여','ㄹㄴㄴ  ',1);
Insert into HSDSEMI.MEMBER (MEMBER_ID,MEMBER_PW,MEMBER_NAME,ADDRESS,EMAIL,BIRTH,GENDER,PHONE,MEMBER_LEVEL) values ('aaaaa','aaaaa','asd',null,null,'asd     ',null,'asdasd     ',1);
Insert into HSDSEMI.MEMBER (MEMBER_ID,MEMBER_PW,MEMBER_NAME,ADDRESS,EMAIL,BIRTH,GENDER,PHONE,MEMBER_LEVEL) values ('imbk','1234','김보경',null,null,'111111  ','여','010        ',1);
Insert into HSDSEMI.MEMBER (MEMBER_ID,MEMBER_PW,MEMBER_NAME,ADDRESS,EMAIL,BIRTH,GENDER,PHONE,MEMBER_LEVEL) values ('aaaaaa','aaaaaaaa','asd',null,null,null,null,'asd        ',1);
Insert into HSDSEMI.MEMBER (MEMBER_ID,MEMBER_PW,MEMBER_NAME,ADDRESS,EMAIL,BIRTH,GENDER,PHONE,MEMBER_LEVEL) values ('회원1','1234','회원','1','1','010     ','여','010        ',1);
Insert into HSDSEMI.MEMBER (MEMBER_ID,MEMBER_PW,MEMBER_NAME,ADDRESS,EMAIL,BIRTH,GENDER,PHONE,MEMBER_LEVEL) values ('잘생긴석호','12345','잘생긴석호',null,null,null,null,'01022222222',1);
Insert into HSDSEMI.MEMBER (MEMBER_ID,MEMBER_PW,MEMBER_NAME,ADDRESS,EMAIL,BIRTH,GENDER,PHONE,MEMBER_LEVEL) values ('sad','sad','sad',null,null,null,null,'sad        ',1);
REM INSERTING into HSDSEMI.NOTICE
SET DEFINE OFF;
Insert into HSDSEMI.NOTICE (N_NUM,N_TITLE,N_CONTENT,N_WRITER,N_DATE) values (1,'제목','내용','admin','20/11/24');
Insert into HSDSEMI.NOTICE (N_NUM,N_TITLE,N_CONTENT,N_WRITER,N_DATE) values (2,'제목2','내용2','admin','20/11/24');
Insert into HSDSEMI.NOTICE (N_NUM,N_TITLE,N_CONTENT,N_WRITER,N_DATE) values (3,'제목3','내용23','admin','20/11/24');
Insert into HSDSEMI.NOTICE (N_NUM,N_TITLE,N_CONTENT,N_WRITER,N_DATE) values (4,'제목4','내용24','admin','20/11/24');
Insert into HSDSEMI.NOTICE (N_NUM,N_TITLE,N_CONTENT,N_WRITER,N_DATE) values (5,'제목5','내용25','admin','20/11/24');
Insert into HSDSEMI.NOTICE (N_NUM,N_TITLE,N_CONTENT,N_WRITER,N_DATE) values (6,'제목6','내용26','admin','20/11/24');
Insert into HSDSEMI.NOTICE (N_NUM,N_TITLE,N_CONTENT,N_WRITER,N_DATE) values (7,'제목7','내용27','admin','20/11/24');
Insert into HSDSEMI.NOTICE (N_NUM,N_TITLE,N_CONTENT,N_WRITER,N_DATE) values (8,'제목8','내용8','admin','20/11/24');
Insert into HSDSEMI.NOTICE (N_NUM,N_TITLE,N_CONTENT,N_WRITER,N_DATE) values (9,'제목9','내용9','admin','20/11/24');
Insert into HSDSEMI.NOTICE (N_NUM,N_TITLE,N_CONTENT,N_WRITER,N_DATE) values (10,'제목10','내용10','admin','20/11/24');
Insert into HSDSEMI.NOTICE (N_NUM,N_TITLE,N_CONTENT,N_WRITER,N_DATE) values (11,'제목11','내용11','admin','20/11/24');
Insert into HSDSEMI.NOTICE (N_NUM,N_TITLE,N_CONTENT,N_WRITER,N_DATE) values (12,'제목12','내용12','admin','20/11/24');
Insert into HSDSEMI.NOTICE (N_NUM,N_TITLE,N_CONTENT,N_WRITER,N_DATE) values (13,'제목14','내용14','admin','20/11/24');
Insert into HSDSEMI.NOTICE (N_NUM,N_TITLE,N_CONTENT,N_WRITER,N_DATE) values (23,'제목15','내용13','admin','20/11/26');
Insert into HSDSEMI.NOTICE (N_NUM,N_TITLE,N_CONTENT,N_WRITER,N_DATE) values (25,'공지사항ㅇ','스마트에디터~~~~~~~~','admin','20/11/27');
Insert into HSDSEMI.NOTICE (N_NUM,N_TITLE,N_CONTENT,N_WRITER,N_DATE) values (48,'new','<div style="text-align: center;" align="center"><span style="font-family: 바탕체, batangche; font-size: 36pt;"><b><span style="color: rgb(58, 50, 195);">new</span></b></span></div>','admin','20/12/01');
Insert into HSDSEMI.NOTICE (N_NUM,N_TITLE,N_CONTENT,N_WRITER,N_DATE) values (27,'스마트 에디터 얍','<span style="font-family: 궁서, gungsuh; font-size: 36pt; color: rgb(255, 0, 0);">스마트 에디터!!!!!!!!!!!!!!!!!!!</span>','admin','20/11/27');
Insert into HSDSEMI.NOTICE (N_NUM,N_TITLE,N_CONTENT,N_WRITER,N_DATE) values (47,'새글','<div style="text-align: center;" align="center">수정되라얍</div>','admin','20/11/30');
Insert into HSDSEMI.NOTICE (N_NUM,N_TITLE,N_CONTENT,N_WRITER,N_DATE) values (49,'필독입니당!!','<p style="text-align: center;" align="center"><span style="font-size: 24pt;">&nbsp;</span></p><p style="text-align: center;" align="center"><span style="font-size: 24pt; font-family: arial;">중요한 공지사항!!!!!!!!!!! 필독!!!!!!!!!!!!!!!!!!!!</span></p><p style="text-align: center;" align="center">&nbsp;</p><p style="text-align: center;" align="center">&nbsp;</p><p style="text-align: center; " align="center"><span style="font-size: 24pt;"><b><u><span style="color: rgb(0, 117, 200);"><u><span style="font-family: 궁서, gungsuh;">손형석 똥멍청이</span></u></span></u></b></span></p>','admin','20/12/02');
Insert into HSDSEMI.NOTICE (N_NUM,N_TITLE,N_CONTENT,N_WRITER,N_DATE) values (51,'주차공간 유무','<div style="text-align: center;" align="center">저희 스튜디오 무드에서는 따로 마련된 <b><span style="color: rgb(255, 0, 0);">주차공간이 없습니다!</span></b></div><div style="text-align: center;" align="center">대중교통 이용을 추천드립니다.</div><div style="text-align: center;" align="center">이용에 불편을 드려 죄송합니다..</div>','admin','20/12/03');
Insert into HSDSEMI.NOTICE (N_NUM,N_TITLE,N_CONTENT,N_WRITER,N_DATE) values (52,'공지테스트','ㅁㄴㅇㅁㄴㅇㅁㄴㅇㅁㄴㅇ','admin','20/12/04');
REM INSERTING into HSDSEMI.POSTCOMENT
SET DEFINE OFF;
Insert into HSDSEMI.POSTCOMENT (PC_NUM,PC_WRITER,PC_CONTENT,PC_DATE,PC_REF) values (3,'user01','test','2020-11-26',1);
Insert into HSDSEMI.POSTCOMENT (PC_NUM,PC_WRITER,PC_CONTENT,PC_DATE,PC_REF) values (7,'user01','ddd111','2020-11-26',32);
Insert into HSDSEMI.POSTCOMENT (PC_NUM,PC_WRITER,PC_CONTENT,PC_DATE,PC_REF) values (2,'user01','test','2020-11-26',1);
Insert into HSDSEMI.POSTCOMENT (PC_NUM,PC_WRITER,PC_CONTENT,PC_DATE,PC_REF) values (4,'user01','test1111','2020-11-26',32);
Insert into HSDSEMI.POSTCOMENT (PC_NUM,PC_WRITER,PC_CONTENT,PC_DATE,PC_REF) values (30,'user01','test','2020-12-01',41);
Insert into HSDSEMI.POSTCOMENT (PC_NUM,PC_WRITER,PC_CONTENT,PC_DATE,PC_REF) values (27,'admin','test','2020-12-01',41);
Insert into HSDSEMI.POSTCOMENT (PC_NUM,PC_WRITER,PC_CONTENT,PC_DATE,PC_REF) values (25,'user01','test!!','2020-11-30',41);
Insert into HSDSEMI.POSTCOMENT (PC_NUM,PC_WRITER,PC_CONTENT,PC_DATE,PC_REF) values (28,'user01','test','2020-12-01',52);
Insert into HSDSEMI.POSTCOMENT (PC_NUM,PC_WRITER,PC_CONTENT,PC_DATE,PC_REF) values (31,'admin','댓글 테스트잉~','2020-12-02',58);
Insert into HSDSEMI.POSTCOMENT (PC_NUM,PC_WRITER,PC_CONTENT,PC_DATE,PC_REF) values (32,'admin','댓글
','2020-12-02',59);
Insert into HSDSEMI.POSTCOMENT (PC_NUM,PC_WRITER,PC_CONTENT,PC_DATE,PC_REF) values (33,'admin','test','2020-12-02',59);
Insert into HSDSEMI.POSTCOMENT (PC_NUM,PC_WRITER,PC_CONTENT,PC_DATE,PC_REF) values (34,'user01','test
','2020-12-02',59);
Insert into HSDSEMI.POSTCOMENT (PC_NUM,PC_WRITER,PC_CONTENT,PC_DATE,PC_REF) values (38,'admin','제훈님에게 벽이 느껴지네요...완벽♥','2020-12-03',86);
Insert into HSDSEMI.POSTCOMENT (PC_NUM,PC_WRITER,PC_CONTENT,PC_DATE,PC_REF) values (36,'admin','제훈님에게 벽이 느껴지네요...완벽♥','2020-12-03',67);
Insert into HSDSEMI.POSTCOMENT (PC_NUM,PC_WRITER,PC_CONTENT,PC_DATE,PC_REF) values (37,'admin','선호님 정말 징하네요...어메이징♥','2020-12-03',71);
Insert into HSDSEMI.POSTCOMENT (PC_NUM,PC_WRITER,PC_CONTENT,PC_DATE,PC_REF) values (57,'user01','너무 잘생겼어요','2020-12-03',86);
Insert into HSDSEMI.POSTCOMENT (PC_NUM,PC_WRITER,PC_CONTENT,PC_DATE,PC_REF) values (40,'admin','승호님에게 벽이 느껴지네요...완벽♥','2020-12-03',79);
Insert into HSDSEMI.POSTCOMENT (PC_NUM,PC_WRITER,PC_CONTENT,PC_DATE,PC_REF) values (41,'admin','소현님에게 벽이 느껴지네요...완벽♥','2020-12-03',85);
Insert into HSDSEMI.POSTCOMENT (PC_NUM,PC_WRITER,PC_CONTENT,PC_DATE,PC_REF) values (42,'admin','강준님에게 벽이 느껴지네요...완벽♥','2020-12-03',84);
Insert into HSDSEMI.POSTCOMENT (PC_NUM,PC_WRITER,PC_CONTENT,PC_DATE,PC_REF) values (43,'admin','예지님에게 벽이 느껴지네요...완벽♥','2020-12-03',83);
Insert into HSDSEMI.POSTCOMENT (PC_NUM,PC_WRITER,PC_CONTENT,PC_DATE,PC_REF) values (60,'user01','거짓말','2020-12-04',85);
Insert into HSDSEMI.POSTCOMENT (PC_NUM,PC_WRITER,PC_CONTENT,PC_DATE,PC_REF) values (45,'admin','제훈님에게 벽이 느껴지네요...완벽♥','2020-12-03',81);
Insert into HSDSEMI.POSTCOMENT (PC_NUM,PC_WRITER,PC_CONTENT,PC_DATE,PC_REF) values (46,'admin','보아님에게 벽이 느껴지네요...완벽♥','2020-12-03',80);
Insert into HSDSEMI.POSTCOMENT (PC_NUM,PC_WRITER,PC_CONTENT,PC_DATE,PC_REF) values (47,'admin','nct님에게 벽이 느껴지네요...완벽♥','2020-12-03',78);
Insert into HSDSEMI.POSTCOMENT (PC_NUM,PC_WRITER,PC_CONTENT,PC_DATE,PC_REF) values (48,'admin','잇지님에게 벽이 느껴지네요...완벽♥','2020-12-03',77);
Insert into HSDSEMI.POSTCOMENT (PC_NUM,PC_WRITER,PC_CONTENT,PC_DATE,PC_REF) values (49,'admin','태연님에게 벽이 느껴지네요...완벽♥','2020-12-03',76);
Insert into HSDSEMI.POSTCOMENT (PC_NUM,PC_WRITER,PC_CONTENT,PC_DATE,PC_REF) values (50,'admin','더보이즈님에게 벽이 느껴지네요...완벽♥','2020-12-03',75);
Insert into HSDSEMI.POSTCOMENT (PC_NUM,PC_WRITER,PC_CONTENT,PC_DATE,PC_REF) values (51,'admin','슬기님에게 벽이 느껴지네요...완벽♥','2020-12-03',74);
Insert into HSDSEMI.POSTCOMENT (PC_NUM,PC_WRITER,PC_CONTENT,PC_DATE,PC_REF) values (52,'admin','동욱님에게 벽이 느껴지네요...완벽♥','2020-12-03',73);
Insert into HSDSEMI.POSTCOMENT (PC_NUM,PC_WRITER,PC_CONTENT,PC_DATE,PC_REF) values (53,'admin','치츄님에게 벽이 느껴지네요...완벽♥','2020-12-03',72);
Insert into HSDSEMI.POSTCOMENT (PC_NUM,PC_WRITER,PC_CONTENT,PC_DATE,PC_REF) values (54,'admin','exo님에게 벽이 느껴지네요...완벽♥','2020-12-03',70);
Insert into HSDSEMI.POSTCOMENT (PC_NUM,PC_WRITER,PC_CONTENT,PC_DATE,PC_REF) values (55,'admin','수지님에게 벽이 느껴지네요...완벽♥','2020-12-03',69);
Insert into HSDSEMI.POSTCOMENT (PC_NUM,PC_WRITER,PC_CONTENT,PC_DATE,PC_REF) values (61,'admin','거짓말아닙니다ㅠㅠ','2020-12-04',85);
Insert into HSDSEMI.POSTCOMENT (PC_NUM,PC_WRITER,PC_CONTENT,PC_DATE,PC_REF) values (63,'user01','역시 잇지','2020-12-04',77);
REM INSERTING into HSDSEMI.POSTSCRIPTE
SET DEFINE OFF;
Insert into HSDSEMI.POSTSCRIPTE (P_NUM,P_TITLE,P_CONTENT,P_WRITER,P_DATE,FILENAME,FILEPATH) values (1,'test','text','user01','2020-11-24',null,null);
Insert into HSDSEMI.POSTSCRIPTE (P_NUM,P_TITLE,P_CONTENT,P_WRITER,P_DATE,FILENAME,FILEPATH) values (2,'test','text','user01','2020-11-24','00','00');
Insert into HSDSEMI.POSTSCRIPTE (P_NUM,P_TITLE,P_CONTENT,P_WRITER,P_DATE,FILENAME,FILEPATH) values (6,'6번째 test','test','user01','2020-11-25','0','0');
Insert into HSDSEMI.POSTSCRIPTE (P_NUM,P_TITLE,P_CONTENT,P_WRITER,P_DATE,FILENAME,FILEPATH) values (7,'7번째 test','test','user01','2020-11-25','0','0');
Insert into HSDSEMI.POSTSCRIPTE (P_NUM,P_TITLE,P_CONTENT,P_WRITER,P_DATE,FILENAME,FILEPATH) values (8,'8번째 test','test','user01','2020-11-25','0','0');
Insert into HSDSEMI.POSTSCRIPTE (P_NUM,P_TITLE,P_CONTENT,P_WRITER,P_DATE,FILENAME,FILEPATH) values (9,'9번째 test','test','user01','2020-11-25','0','0');
Insert into HSDSEMI.POSTSCRIPTE (P_NUM,P_TITLE,P_CONTENT,P_WRITER,P_DATE,FILENAME,FILEPATH) values (10,'10번째 test','test','user01','2020-11-25','0','0');
Insert into HSDSEMI.POSTSCRIPTE (P_NUM,P_TITLE,P_CONTENT,P_WRITER,P_DATE,FILENAME,FILEPATH) values (11,'11번째 test','test','user01','2020-11-25','0','0');
Insert into HSDSEMI.POSTSCRIPTE (P_NUM,P_TITLE,P_CONTENT,P_WRITER,P_DATE,FILENAME,FILEPATH) values (12,'12번째 test','test','user01','2020-11-25','0','0');
Insert into HSDSEMI.POSTSCRIPTE (P_NUM,P_TITLE,P_CONTENT,P_WRITER,P_DATE,FILENAME,FILEPATH) values (13,'13번째 test','test','user01','2020-11-25','0','0');
Insert into HSDSEMI.POSTSCRIPTE (P_NUM,P_TITLE,P_CONTENT,P_WRITER,P_DATE,FILENAME,FILEPATH) values (41,'사진','test','user01','2020-11-29','flower1.PNG','flower12.PNG');
Insert into HSDSEMI.POSTSCRIPTE (P_NUM,P_TITLE,P_CONTENT,P_WRITER,P_DATE,FILENAME,FILEPATH) values (52,'test','test','user01','2020-12-01',null,null);
Insert into HSDSEMI.POSTSCRIPTE (P_NUM,P_TITLE,P_CONTENT,P_WRITER,P_DATE,FILENAME,FILEPATH) values (16,'test~','test!!','user01','2020-11-25','flower1.PNG','flower11.PNG');
Insert into HSDSEMI.POSTSCRIPTE (P_NUM,P_TITLE,P_CONTENT,P_WRITER,P_DATE,FILENAME,FILEPATH) values (17,'17test','test','admin','2020-11-26','00','00');
Insert into HSDSEMI.POSTSCRIPTE (P_NUM,P_TITLE,P_CONTENT,P_WRITER,P_DATE,FILENAME,FILEPATH) values (18,'18test','test','admin','2020-11-26','00','00');
Insert into HSDSEMI.POSTSCRIPTE (P_NUM,P_TITLE,P_CONTENT,P_WRITER,P_DATE,FILENAME,FILEPATH) values (19,'19test','test','admin','2020-11-26','00','00');
Insert into HSDSEMI.POSTSCRIPTE (P_NUM,P_TITLE,P_CONTENT,P_WRITER,P_DATE,FILENAME,FILEPATH) values (20,'20test','test','admin','2020-11-26','00','00');
Insert into HSDSEMI.POSTSCRIPTE (P_NUM,P_TITLE,P_CONTENT,P_WRITER,P_DATE,FILENAME,FILEPATH) values (21,'21test','test','admin','2020-11-26','00','00');
Insert into HSDSEMI.POSTSCRIPTE (P_NUM,P_TITLE,P_CONTENT,P_WRITER,P_DATE,FILENAME,FILEPATH) values (22,'22test','test','admin','2020-11-26','00','00');
Insert into HSDSEMI.POSTSCRIPTE (P_NUM,P_TITLE,P_CONTENT,P_WRITER,P_DATE,FILENAME,FILEPATH) values (23,'23test','test','admin','2020-11-26','00','00');
Insert into HSDSEMI.POSTSCRIPTE (P_NUM,P_TITLE,P_CONTENT,P_WRITER,P_DATE,FILENAME,FILEPATH) values (24,'24test','test','admin','2020-11-26','00','00');
Insert into HSDSEMI.POSTSCRIPTE (P_NUM,P_TITLE,P_CONTENT,P_WRITER,P_DATE,FILENAME,FILEPATH) values (25,'25test','test','admin','2020-11-26','00','00');
Insert into HSDSEMI.POSTSCRIPTE (P_NUM,P_TITLE,P_CONTENT,P_WRITER,P_DATE,FILENAME,FILEPATH) values (26,'26test','test','admin','2020-11-26','00','00');
Insert into HSDSEMI.POSTSCRIPTE (P_NUM,P_TITLE,P_CONTENT,P_WRITER,P_DATE,FILENAME,FILEPATH) values (27,'27test','test','admin','2020-11-26','00','00');
Insert into HSDSEMI.POSTSCRIPTE (P_NUM,P_TITLE,P_CONTENT,P_WRITER,P_DATE,FILENAME,FILEPATH) values (28,'28test','test','admin','2020-11-26','00','00');
Insert into HSDSEMI.POSTSCRIPTE (P_NUM,P_TITLE,P_CONTENT,P_WRITER,P_DATE,FILENAME,FILEPATH) values (29,'29test','test','admin','2020-11-26','00','00');
Insert into HSDSEMI.POSTSCRIPTE (P_NUM,P_TITLE,P_CONTENT,P_WRITER,P_DATE,FILENAME,FILEPATH) values (30,'30test','test','admin','2020-11-26','00','00');
Insert into HSDSEMI.POSTSCRIPTE (P_NUM,P_TITLE,P_CONTENT,P_WRITER,P_DATE,FILENAME,FILEPATH) values (53,'test','test','user01','2020-12-01',null,null);
Insert into HSDSEMI.POSTSCRIPTE (P_NUM,P_TITLE,P_CONTENT,P_WRITER,P_DATE,FILENAME,FILEPATH) values (32,'test1','test222','user01','2020-11-26','img01.jpg','img01.jpg');
Insert into HSDSEMI.POSTSCRIPTE (P_NUM,P_TITLE,P_CONTENT,P_WRITER,P_DATE,FILENAME,FILEPATH) values (54,'test','<span style="font-family: 굴림체, gulimche; font-size: 14pt; color: rgb(154, 84, 206);">?test&nbsp;<span style="color: rgb(255, 0, 0);">?test<span style="color: rgb(255, 0, 0);">? test<span style="color: rgb(255, 239, 0);">? test</span></span></span></span><br>','user01','2020-12-01',null,null);
Insert into HSDSEMI.POSTSCRIPTE (P_NUM,P_TITLE,P_CONTENT,P_WRITER,P_DATE,FILENAME,FILEPATH) values (55,'사진넣기test','올라가라 얍!','user01','2020-12-01','test1.jpg','test1.jpg');
Insert into HSDSEMI.POSTSCRIPTE (P_NUM,P_TITLE,P_CONTENT,P_WRITER,P_DATE,FILENAME,FILEPATH) values (56,'사진','사진','user01','2020-12-01','img01.jpg','img01.jpg');
Insert into HSDSEMI.POSTSCRIPTE (P_NUM,P_TITLE,P_CONTENT,P_WRITER,P_DATE,FILENAME,FILEPATH) values (57,'아아아아아아테스트','올라가나 테
스
트 해보는 중
t22121exg','user01','2020-12-01','temp.png','temp.png');
Insert into HSDSEMI.POSTSCRIPTE (P_NUM,P_TITLE,P_CONTENT,P_WRITER,P_DATE,FILENAME,FILEPATH) values (58,'test!!test','testtestest<span style="background-color: rgb(255, 102, 0); color: rgb(255, 255, 255);">?testest<span style="background-color: rgb(109, 48, 207); color: rgb(255, 255, 255);">?testest</span></span>','user01','2020-12-01',null,null);
Insert into HSDSEMI.POSTSCRIPTE (P_NUM,P_TITLE,P_CONTENT,P_WRITER,P_DATE,FILENAME,FILEPATH) values (59,'testest111','testest<span style="color: rgb(255, 0, 0);">?testestset111</span>','user01','2020-12-02',null,null);
Insert into HSDSEMI.POSTSCRIPTE (P_NUM,P_TITLE,P_CONTENT,P_WRITER,P_DATE,FILENAME,FILEPATH) values (60,'개인 프로필 촬영 후기','test11<span style="background-color: rgb(255, 0, 0); color: rgb(255, 255, 255);">?wgegwg</span>','user01','2020-12-02',null,null);
Insert into HSDSEMI.POSTSCRIPTE (P_NUM,P_TITLE,P_CONTENT,P_WRITER,P_DATE,FILENAME,FILEPATH) values (61,'단체 사진 후기~~~','test','user01','2020-12-02',null,null);
Insert into HSDSEMI.POSTSCRIPTE (P_NUM,P_TITLE,P_CONTENT,P_WRITER,P_DATE,FILENAME,FILEPATH) values (62,'후기 남깁니당','<div style="text-align: center;" align="center"><b><span style="font-size: 24pt;">테스트합니당</span></b></div>','user01','2020-12-02',null,null);
Insert into HSDSEMI.POSTSCRIPTE (P_NUM,P_TITLE,P_CONTENT,P_WRITER,P_DATE,FILENAME,FILEPATH) values (63,'후기','<p><span style="font-size: 12pt; color: rgb(58, 50, 195);">후기~~!!</span></p><p><span style="font-size: 12pt; color: rgb(58, 50, 195);">후기후기후기후기</span></p><p><span style="color: rgb(58, 50, 195); font-size: 16px;">후기후기후기후기</span><span style="font-size: 12pt; color: rgb(58, 50, 195);">~~</span></p><p><span style="font-size: 12pt; color: rgb(58, 50, 195);">&nbsp;</span></p><p><span style="color: rgb(58, 50, 195); font-size: 16px;">후기후기후기후기</span><span style="font-size: 12pt; color: rgb(58, 50, 195);">~~!!</span></p><p>&nbsp;</p><p>&nbsp;</p><p><span style="color: rgb(58, 50, 195); font-size: 16px;">후기후기후기후기</span></p><p><span style="color: rgb(58, 50, 195); font-size: 16px;">후기후기후기후기</span><span style="font-size: 12pt; color: rgb(58, 50, 195);">~~!!</span></p><p>&nbsp;</p><p>&nbsp;</p><p><span style="color: rgb(58, 50, 195); font-size: 16px;">후기후기후기후기</span><span style="color: rgb(58, 50, 195); font-size: 16px;">후기후기후기후기</span><span style="font-size: 12pt; color: rgb(58, 50, 195);">~~!!</span></p><p>&nbsp;</p><p>&nbsp;</p><p><span style="color: rgb(58, 50, 195); font-size: 16px;">후기후기후기후기</span><span style="color: rgb(58, 50, 195); font-size: 16px;">후기후기후기후기</span><span style="font-size: 12pt; color: rgb(58, 50, 195);">~~!!</span></p><p>&nbsp;</p><p>&nbsp;</p><p><span style="color: rgb(58, 50, 195); font-size: 16px;">후기후기후기후기</span><span style="color: rgb(58, 50, 195); font-size: 16px;">후기후기후기후기</span><span style="font-size: 12pt; color: rgb(58, 50, 195);">~~!!</span></p><p>&nbsp;</p><p>&nbsp;</p><p><span style="color: rgb(58, 50, 195); font-size: 16px;">후기후기후기후기</span></p>','user01','2020-12-02','flower1.PNG','flower11.PNG');
Insert into HSDSEMI.POSTSCRIPTE (P_NUM,P_TITLE,P_CONTENT,P_WRITER,P_DATE,FILENAME,FILEPATH) values (64,'후기에욥','테스트ㅅ하기','user01','2020-12-02','studioIntroduce.jpg','studioIntroduce.jpg');
Insert into HSDSEMI.POSTSCRIPTE (P_NUM,P_TITLE,P_CONTENT,P_WRITER,P_DATE,FILENAME,FILEPATH) values (69,'개인 촬영 후기입니다~','<p><span style="font-size: 11pt; background-color: rgb(201, 224, 240); color: rgb(99, 99, 99);">&nbsp;</span></p><p><span style="font-size: 11pt; background-color: rgb(201, 224, 240); color: rgb(99, 99, 99);">&nbsp;</span></p><p><span style="font-size: 11pt; background-color: rgb(201, 224, 240); color: rgb(99, 99, 99);">사진 너무 맘에 들어요</span></p><p>&nbsp;</p><p><span style="font-size: 11pt; background-color: rgb(201, 224, 240); color: rgb(99, 99, 99);">작가님이 정말 열정적으로 찍어주셔서 감동했어요</span></p><p>&nbsp;</p><p><span style="font-size: 11pt; background-color: rgb(201, 224, 240); color: rgb(99, 99, 99);">결과물 보니까 더더 감동이에요</span></p><p>&nbsp;</p><p><span style="color: rgb(99, 99, 99); background-color: rgb(201, 224, 240); font-size: 11pt;">앞으로 사진 찍을 때 스튜디오무드 자주 이용할 것 같아요&nbsp;</span></p><p>&nbsp;</p><p><span style="color: rgb(99, 99, 99); background-color: rgb(201, 224, 240); font-size: 11pt;">예쁘게 찍어주셔서 감사합니당</span></p><p><span style="color: rgb(99, 99, 99); background-color: rgb(201, 224, 240); font-size: 11pt;">&nbsp;</span></p><p><span style="color: rgb(99, 99, 99); background-color: rgb(201, 224, 240); font-size: 11pt;">&nbsp;</span></p>','수지','2020-12-03','수지.jpg','수지.jpg');
Insert into HSDSEMI.POSTSCRIPTE (P_NUM,P_TITLE,P_CONTENT,P_WRITER,P_DATE,FILENAME,FILEPATH) values (67,'촬영 후기:D','<div>안녕하세요</div><div><br></div><div>결과물이 너무 만족스러워서 후기 남깁니다~!!</div><div><br></div><div>처음에 어디서 찍을까 고민하다가</div><div><br></div><div>작가님 인스타에서 사진을 보고 분위기가 너무 맘에 들어서</div><div><br></div><div>스튜디오 무드로 결정하게 됐어요!!</div><div><br></div><div>제가 촬영 경험이 없어서 걱정했는데</div><div><br></div><div>작가님께서 하나하나 세심하게 다 신경 써주셔서 너무 좋았어요</div><div><br></div><div>작가님의 조언대로 하니 인생 샷을 건질 수 있었습니다!!</div><div><br></div><div>촬영 때도 작가님이 긴장을 풀어주셔서 더 좋은 사진이 나온 거 같아요</div><div><br></div><div>다음번에는 또 다른 분위기로도 찍어보고 싶네요!!</div><div><br></div><div><br></div>','이제훈','2020-12-03','이제훈.jpg','이제훈1.jpg');
Insert into HSDSEMI.POSTSCRIPTE (P_NUM,P_TITLE,P_CONTENT,P_WRITER,P_DATE,FILENAME,FILEPATH) values (70,'단체 촬영 후기!','<p><span malgun="" gothic",="" "맑은="" 고딕",="" helvetica,="" "apple="" sd="" gothic="" neo",="" "나눔바른고딕="" 옛한글",="" "nanumbarungothic="" yethangul",="" sans-serif;="" font-size:="" 13px;="" background-color:="" rgb(255,="" 255,="" 255);"="" style="font-size: 11pt;">&nbsp;</span></p><p><span malgun="" gothic",="" "맑은="" 고딕",="" helvetica,="" "apple="" sd="" gothic="" neo",="" "나눔바른고딕="" 옛한글",="" "nanumbarungothic="" yethangul",="" sans-serif;="" font-size:="" 13px;="" background-color:="" rgb(255,="" 255,="" 255);"="" style="font-size: 11pt;">저희가 이번에 고등학교 졸업을 하게 됐어요</span><br malgun="" gothic",="" "맑은="" 고딕",="" helvetica,="" "apple="" sd="" gothic="" neo",="" "나눔바른고딕="" 옛한글",="" "nanumbarungothic="" yethangul",="" sans-serif;="" font-size:="" 13px;="" background-color:="" rgb(255,="" 255,="" 255);"=""><br malgun="" gothic",="" "맑은="" 고딕",="" helvetica,="" "apple="" sd="" gothic="" neo",="" "나눔바른고딕="" 옛한글",="" "nanumbarungothic="" yethangul",="" sans-serif;="" font-size:="" 13px;="" background-color:="" rgb(255,="" 255,="" 255);"=""><span malgun="" gothic",="" "맑은="" 고딕",="" helvetica,="" "apple="" sd="" gothic="" neo",="" "나눔바른고딕="" 옛한글",="" "nanumbarungothic="" yethangul",="" sans-serif;="" font-size:="" 13px;="" background-color:="" rgb(255,="" 255,="" 255);"="" style="font-size: 11pt;">그래서 추억할만한 게 뭐가 있을까 하다가&nbsp;</span><span malgun="" gothic",="" "맑은="" 고딕",="" helvetica,="" "apple="" sd="" gothic="" neo",="" "나눔바른고딕="" 옛한글",="" "nanumbarungothic="" yethangul",="" sans-serif;="" font-size:="" 13px;="" background-color:="" rgb(255,="" 255,="" 255);"="" style="font-size: 11pt;">단체로 사진을 찍어보자!! 해서&nbsp;</span><span malgun="" gothic",="" "맑은="" 고딕",="" helvetica,="" "apple="" sd="" gothic="" neo",="" "나눔바른고딕="" 옛한글",="" "nanumbarungothic="" yethangul",="" sans-serif;="" font-size:="" 13px;="" background-color:="" rgb(255,="" 255,="" 255);"="" style="font-size: 11pt;">찍게 됐습니다</span></p><p>&nbsp;</p><p><span style="font-size: 11pt;" malgun="" gothic",="" "맑은="" 고딕",="" helvetica,="" "apple="" sd="" gothic="" neo",="" "나눔바른고딕="" 옛한글",="" "nanumbarungothic="" yethangul",="" sans-serif;="" font-size:="" 11pt;="" background-color:="" rgb(255,="" 255,="" 255);"="">어떤 스타일로 찍을지 고민 많이 했는데&nbsp;</span><span style="font-size: 11pt;" malgun="" gothic",="" "맑은="" 고딕",="" helvetica,="" "apple="" sd="" gothic="" neo",="" "나눔바른고딕="" 옛한글",="" "nanumbarungothic="" yethangul",="" sans-serif;="" font-size:="" 11pt;="" background-color:="" rgb(255,="" 255,="" 255);"="">작가님이 추천해 주신 스타일로 찍게 됐어요</span><br style="font-family: -apple-system, BlinkMacSystemFont, " malgun="" gothic",="" "맑은="" 고딕",="" helvetica,="" "apple="" sd="" gothic="" neo",="" "나눔바른고딕="" 옛한글",="" "nanumbarungothic="" yethangul",="" sans-serif;="" font-size:="" 13px;="" background-color:="" rgb(255,="" 255,="" 255);"=""><span style="font-size: 11pt;">&nbsp;</span></p><p><span style="font-size: 11pt;">너무 맘에 드네요 작가님 최고!!</span></p><p><span style="font-size: 11pt;">&nbsp;</span></p><p><span style="font-size: 11pt;">&nbsp;</span></p>','exo','2020-12-03','엑소.jpg','엑소1.jpg');
Insert into HSDSEMI.POSTSCRIPTE (P_NUM,P_TITLE,P_CONTENT,P_WRITER,P_DATE,FILENAME,FILEPATH) values (71,'촬영 후기!','<p><span style="font-size: 12pt;">&nbsp;</span></p><p><span style="font-size: 16px;">모두 선호한 하루 보내세요~~</span></p><p><span style="font-size: 16px;">&nbsp;</span></p><p><span style="font-size: 12pt;">&nbsp;</span></p>','김선호','2020-12-03','선호.jpg','선호.jpg');
Insert into HSDSEMI.POSTSCRIPTE (P_NUM,P_TITLE,P_CONTENT,P_WRITER,P_DATE,FILENAME,FILEPATH) values (72,'친구들이랑 단체 촬영 했어욥~','<p><span style="font-size: 11pt;" malgun="" gothic",="" "맑은="" 고딕",="" helvetica,="" "apple="" sd="" gothic="" neo",="" "나눔바른고딕="" 옛한글",="" "nanumbarungothic="" yethangul",="" sans-serif;="" font-size:="" 13px;="" background-color:="" rgb(255,="" 255,="" 255);"="">친구들이랑 단체 촬영하게 됐어요</span><br style="font-family: -apple-system, BlinkMacSystemFont, " malgun="" gothic",="" "맑은="" 고딕",="" helvetica,="" "apple="" sd="" gothic="" neo",="" "나눔바른고딕="" 옛한글",="" "nanumbarungothic="" yethangul",="" sans-serif;="" font-size:="" 13px;="" background-color:="" rgb(255,="" 255,="" 255);"=""><br style="font-family: -apple-system, BlinkMacSystemFont, " malgun="" gothic",="" "맑은="" 고딕",="" helvetica,="" "apple="" sd="" gothic="" neo",="" "나눔바른고딕="" 옛한글",="" "nanumbarungothic="" yethangul",="" sans-serif;="" font-size:="" 13px;="" background-color:="" rgb(255,="" 255,="" 255);"=""><span style="font-size: 11pt;" malgun="" gothic",="" "맑은="" 고딕",="" helvetica,="" "apple="" sd="" gothic="" neo",="" "나눔바른고딕="" 옛한글",="" "nanumbarungothic="" yethangul",="" sans-serif;="" font-size:="" 13px;="" background-color:="" rgb(255,="" 255,="" 255);"="">스튜디오가 넓고 깨끗해서 좋았어요</span><br style="font-family: -apple-system, BlinkMacSystemFont, " malgun="" gothic",="" "맑은="" 고딕",="" helvetica,="" "apple="" sd="" gothic="" neo",="" "나눔바른고딕="" 옛한글",="" "nanumbarungothic="" yethangul",="" sans-serif;="" font-size:="" 13px;="" background-color:="" rgb(255,="" 255,="" 255);"=""><br style="font-family: -apple-system, BlinkMacSystemFont, " malgun="" gothic",="" "맑은="" 고딕",="" helvetica,="" "apple="" sd="" gothic="" neo",="" "나눔바른고딕="" 옛한글",="" "nanumbarungothic="" yethangul",="" sans-serif;="" font-size:="" 13px;="" background-color:="" rgb(255,="" 255,="" 255);"=""><span style="font-size: 11pt;" malgun="" gothic",="" "맑은="" 고딕",="" helvetica,="" "apple="" sd="" gothic="" neo",="" "나눔바른고딕="" 옛한글",="" "nanumbarungothic="" yethangul",="" sans-serif;="" font-size:="" 13px;="" background-color:="" rgb(255,="" 255,="" 255);"="">사진이 너무 잘 나와서 좋네요</span><br style="font-family: -apple-system, BlinkMacSystemFont, " malgun="" gothic",="" "맑은="" 고딕",="" helvetica,="" "apple="" sd="" gothic="" neo",="" "나눔바른고딕="" 옛한글",="" "nanumbarungothic="" yethangul",="" sans-serif;="" font-size:="" 13px;="" background-color:="" rgb(255,="" 255,="" 255);"=""><br style="font-family: -apple-system, BlinkMacSystemFont, " malgun="" gothic",="" "맑은="" 고딕",="" helvetica,="" "apple="" sd="" gothic="" neo",="" "나눔바른고딕="" 옛한글",="" "nanumbarungothic="" yethangul",="" sans-serif;="" font-size:="" 13px;="" background-color:="" rgb(255,="" 255,="" 255);"=""><span style="font-size: 11pt;" malgun="" gothic",="" "맑은="" 고딕",="" helvetica,="" "apple="" sd="" gothic="" neo",="" "나눔바른고딕="" 옛한글",="" "nanumbarungothic="" yethangul",="" sans-serif;="" font-size:="" 13px;="" background-color:="" rgb(255,="" 255,="" 255);"="">친구들도 다들 만족합니다&nbsp;</span></p><p><span style="font-size: 11pt;" malgun="" gothic",="" "맑은="" 고딕",="" helvetica,="" "apple="" sd="" gothic="" neo",="" "나눔바른고딕="" 옛한글",="" "nanumbarungothic="" yethangul",="" sans-serif;="" font-size:="" 13px;="" background-color:="" rgb(255,="" 255,="" 255);"="">스튜디오무드 최고~~</span><span style="font-size: 11pt;">&nbsp;</span></p><p><span style="font-size: 11pt;">&nbsp;</span></p>','치츄','2020-12-03','블랙핑크.jpeg','블랙핑크.jpeg');
Insert into HSDSEMI.POSTSCRIPTE (P_NUM,P_TITLE,P_CONTENT,P_WRITER,P_DATE,FILENAME,FILEPATH) values (73,'촬영 후기','<p><span style="font-size: 12pt;">&nbsp;</span></p><p><span style="font-size: 12pt;">작가님이 칭찬 많이 해주셔서 좋았어요</span></p><p><span style="font-size: 12pt;">&nbsp;</span></p><p><span style="font-size: 12pt;">&nbsp;</span></p>','이동욱','2020-12-03','이동욱.png','이동욱.png');
Insert into HSDSEMI.POSTSCRIPTE (P_NUM,P_TITLE,P_CONTENT,P_WRITER,P_DATE,FILENAME,FILEPATH) values (74,'개인 촬영 후기입니다!!','<p><span style="font-family: -apple-system, BlinkMacSystemFont, &quot;Malgun Gothic&quot;, &quot;맑은 고딕&quot;, helvetica, &quot;Apple SD Gothic Neo&quot;, helvetica, &quot;나눔바른고딕 옛한글&quot;, &quot;NanumBarunGothic YetHangul&quot;, sans-serif; font-size: 11pt; background-color: rgb(255, 255, 255);">개인은 첨이라 너무 긴장해서 걱정했어요ㅠㅠ</span><br style="font-family: -apple-system, BlinkMacSystemFont, &quot;Malgun Gothic&quot;, &quot;맑은 고딕&quot;, helvetica, &quot;Apple SD Gothic Neo&quot;, helvetica, &quot;나눔바른고딕 옛한글&quot;, &quot;NanumBarunGothic YetHangul&quot;, sans-serif; font-size: 13px; background-color: rgb(255, 255, 255);"><br style="font-family: -apple-system, BlinkMacSystemFont, &quot;Malgun Gothic&quot;, &quot;맑은 고딕&quot;, helvetica, &quot;Apple SD Gothic Neo&quot;, helvetica, &quot;나눔바른고딕 옛한글&quot;, &quot;NanumBarunGothic YetHangul&quot;, sans-serif; font-size: 13px; background-color: rgb(255, 255, 255);"><span style="font-family: -apple-system, BlinkMacSystemFont, &quot;Malgun Gothic&quot;, &quot;맑은 고딕&quot;, helvetica, &quot;Apple SD Gothic Neo&quot;, helvetica, &quot;나눔바른고딕 옛한글&quot;, &quot;NanumBarunGothic YetHangul&quot;, sans-serif; font-size: 11pt; background-color: rgb(255, 255, 255);">근데 편안한 분위기에서 찍어서 너무 좋았어요</span><br style="font-family: -apple-system, BlinkMacSystemFont, &quot;Malgun Gothic&quot;, &quot;맑은 고딕&quot;, helvetica, &quot;Apple SD Gothic Neo&quot;, helvetica, &quot;나눔바른고딕 옛한글&quot;, &quot;NanumBarunGothic YetHangul&quot;, sans-serif; font-size: 13px; background-color: rgb(255, 255, 255);"><br style="font-family: -apple-system, BlinkMacSystemFont, &quot;Malgun Gothic&quot;, &quot;맑은 고딕&quot;, helvetica, &quot;Apple SD Gothic Neo&quot;, helvetica, &quot;나눔바른고딕 옛한글&quot;, &quot;NanumBarunGothic YetHangul&quot;, sans-serif; font-size: 13px; background-color: rgb(255, 255, 255);"><span style="font-family: -apple-system, BlinkMacSystemFont, &quot;Malgun Gothic&quot;, &quot;맑은 고딕&quot;, helvetica, &quot;Apple SD Gothic Neo&quot;, helvetica, &quot;나눔바른고딕 옛한글&quot;, &quot;NanumBarunGothic YetHangul&quot;, sans-serif; font-size: 11pt; background-color: rgb(255, 255, 255);">작가님이 칭찬도 많이 해주시고 너무 좋았어욥~~</span></p><p><span style="font-family: -apple-system, BlinkMacSystemFont, &quot;Malgun Gothic&quot;, &quot;맑은 고딕&quot;, helvetica, &quot;Apple SD Gothic Neo&quot;, helvetica, &quot;나눔바른고딕 옛한글&quot;, &quot;NanumBarunGothic YetHangul&quot;, sans-serif; font-size: 11pt; background-color: rgb(255, 255, 255);">&nbsp;</span></p>','슬기','2020-12-03','슬기.jpg','슬기.jpg');
Insert into HSDSEMI.POSTSCRIPTE (P_NUM,P_TITLE,P_CONTENT,P_WRITER,P_DATE,FILENAME,FILEPATH) values (75,'단체 프로필 찍었습니다~','<p style="box-sizing: border-box; margin-bottom: 1rem; color: rgb(33, 37, 41); font-family: -apple-system, BlinkMacSystemFont, " segoe="" ui",="" roboto,="" "helvetica="" neue",="" arial,="" "noto="" sans",="" sans-serif,="" "apple="" color="" emoji",="" "segoe="" ui="" symbol",="" emoji";="" font-size:="" 16px;="" background-color:="" rgb(255,="" 255,="" 255);"="">&nbsp;</p><p style="box-sizing: border-box; margin-bottom: 1rem; color: rgb(33, 37, 41); font-family: -apple-system, BlinkMacSystemFont, " segoe="" ui",="" roboto,="" "helvetica="" neue",="" arial,="" "noto="" sans",="" sans-serif,="" "apple="" color="" emoji",="" "segoe="" ui="" symbol",="" emoji";="" font-size:="" 16px;="" background-color:="" rgb(255,="" 255,="" 255);"=""><span style="box-sizing: border-box; font-size: 11pt;">너무 맘에 드네요 작가님 최고!!</span></p><p style="box-sizing: border-box; margin-bottom: 1rem; color: rgb(33, 37, 41); font-family: -apple-system, BlinkMacSystemFont, " segoe="" ui",="" roboto,="" "helvetica="" neue",="" arial,="" "noto="" sans",="" sans-serif,="" "apple="" color="" emoji",="" "segoe="" ui="" symbol",="" emoji";="" font-size:="" 16px;="" background-color:="" rgb(255,="" 255,="" 255);"=""><span style="box-sizing: border-box; font-size: 11pt;">&nbsp;</span></p>','더보이즈','2020-12-03','더보이즈.jpg','더보이즈.jpg');
Insert into HSDSEMI.POSTSCRIPTE (P_NUM,P_TITLE,P_CONTENT,P_WRITER,P_DATE,FILENAME,FILEPATH) values (76,'사진 촬영 후기~~','<p><span style="font-size: 11pt;">사진 찾기 너무 힘드네요</span></p><p><span style="font-size: 11pt;">후기쓰기도 너무 힘드러요</span></p>','태연','2020-12-03','태연.jpg','태연.jpg');
Insert into HSDSEMI.POSTSCRIPTE (P_NUM,P_TITLE,P_CONTENT,P_WRITER,P_DATE,FILENAME,FILEPATH) values (77,'단체 사진 촬영 후기!','<span style="font-size: 16px;">잇지 너무 좋아요</span>','잇지','2020-12-03','잇지.jpg','잇지.jpg');
Insert into HSDSEMI.POSTSCRIPTE (P_NUM,P_TITLE,P_CONTENT,P_WRITER,P_DATE,FILENAME,FILEPATH) values (78,'촬영 후기!!','<p><span style="font-size: 12pt;">&nbsp;</span></p><p><span style="font-size: 12pt;">&nbsp;</span></p><p><span style="font-size: 12pt;">깡패아닙니다</span></p><p><span style="font-size: 12pt;">&nbsp;</span></p><p><span style="font-size: 12pt;">&nbsp;</span></p>','nct','2020-12-03','nct.jpg','nct.jpg');
Insert into HSDSEMI.POSTSCRIPTE (P_NUM,P_TITLE,P_CONTENT,P_WRITER,P_DATE,FILENAME,FILEPATH) values (79,'개인 프로필 찍었습니다','<p><span style="color: rgb(34, 34, 34); font-family: ChosunGothic, sans-serif; font-size: 18px; background-color: rgb(247, 247, 247);">&nbsp;</span></p><p><span style="color: rgb(34, 34, 34); font-family: ChosunGothic, sans-serif; font-size: 18px; background-color: rgb(247, 247, 247);">촬영 컷은 전국 온, 오프라인으로 판매되는 </span></p><p><span style="color: rgb(34, 34, 34); font-family: ChosunGothic, sans-serif; font-size: 18px; background-color: rgb(247, 247, 247);">''데이즈드'' 코리아3월호와 데이즈드 코리아 웹사이트를 통해 만나볼 수 있다.</span></p><p><span style="color: rgb(34, 34, 34); font-family: ChosunGothic, sans-serif; font-size: 18px; background-color: rgb(247, 247, 247);">&nbsp;</span></p><p><span style="color: rgb(34, 34, 34); font-family: ChosunGothic, sans-serif; font-size: 18px; background-color: rgb(247, 247, 247);">&nbsp;</span></p>','유승호','2020-12-03','유승호.jpg','유승호.jpg');
Insert into HSDSEMI.POSTSCRIPTE (P_NUM,P_TITLE,P_CONTENT,P_WRITER,P_DATE,FILENAME,FILEPATH) values (80,'사진 촬영 후기!!','<p><span style="color: rgb(51, 51, 51); font-family: 맑은고딕, " malgun="" gothic",="" 돋움,="" dotum,="" sans-serif;="" font-size:="" 16px;="" letter-spacing:="" -0.4px;="" text-align:="" justify;"="">&nbsp;</span></p><p><span style="color: rgb(51, 51, 51); font-family: 맑은고딕, " malgun="" gothic",="" 돋움,="" dotum,="" sans-serif;="" font-size:="" 16px;="" letter-spacing:="" -0.4px;="" text-align:="" justify;"="">&nbsp;</span></p><p><span style="color: rgb(51, 51, 51); font-family: 맑은고딕, " malgun="" gothic",="" 돋움,="" dotum,="" sans-serif;="" font-size:="" 16px;="" letter-spacing:="" -0.4px;="" text-align:="" justify;"="">28일 소속사 싸이더스hq는 조보아의 화보 촬영장 비하인드 컷을 공개했다.</span><br style="color: rgb(51, 51, 51); font-family: 맑은고딕, " malgun="" gothic",="" 돋움,="" dotum,="" sans-serif;="" font-size:="" 16px;="" letter-spacing:="" -0.4px;="" text-align:="" justify;"=""><br style="color: rgb(51, 51, 51); font-family: 맑은고딕, " malgun="" gothic",="" 돋움,="" dotum,="" sans-serif;="" font-size:="" 16px;="" letter-spacing:="" -0.4px;="" text-align:="" justify;"=""><span style="color: rgb(51, 51, 51); font-family: 맑은고딕, " malgun="" gothic",="" 돋움,="" dotum,="" sans-serif;="" font-size:="" 16px;="" letter-spacing:="" -0.4px;="" text-align:="" justify;"="">공개된 사진 속 조보아는 컬러 렌즈를 하고 이국적인 분위기를 연출한 모습이다.</span><br style="color: rgb(51, 51, 51); font-family: 맑은고딕, " malgun="" gothic",="" 돋움,="" dotum,="" sans-serif;="" font-size:="" 16px;="" letter-spacing:="" -0.4px;="" text-align:="" justify;"=""><br style="color: rgb(51, 51, 51); font-family: 맑은고딕, " malgun="" gothic",="" 돋움,="" dotum,="" sans-serif;="" font-size:="" 16px;="" letter-spacing:="" -0.4px;="" text-align:="" justify;"=""><span style="color: rgb(51, 51, 51); font-family: 맑은고딕, " malgun="" gothic",="" 돋움,="" dotum,="" sans-serif;="" font-size:="" 16px;="" letter-spacing:="" -0.4px;="" text-align:="" justify;"="">조보아는 속이 비치는 시스루와 퍼프소매, 비즈 장식 등이 돋보이는 </span></p><p><span style="color: rgb(51, 51, 51); font-family: 맑은고딕, " malgun="" gothic",="" 돋움,="" dotum,="" sans-serif;="" font-size:="" 16px;="" letter-spacing:="" -0.4px;="" text-align:="" justify;"="">&nbsp;</span></p><p><span style="color: rgb(51, 51, 51); font-family: 맑은고딕, " malgun="" gothic",="" 돋움,="" dotum,="" sans-serif;="" font-size:="" 16px;="" letter-spacing:="" -0.4px;="" text-align:="" justify;"="">블랙 의상에 물기 어린 헤어스타일을 연출하고 강렬한 분위기를 자아냈다.</span></p><p><span style="color: rgb(51, 51, 51); font-family: 맑은고딕, " malgun="" gothic",="" 돋움,="" dotum,="" sans-serif;="" font-size:="" 16px;="" letter-spacing:="" -0.4px;="" text-align:="" justify;"="">&nbsp;</span></p><p><span style="color: rgb(51, 51, 51); font-family: 맑은고딕, " malgun="" gothic",="" 돋움,="" dotum,="" sans-serif;="" font-size:="" 16px;="" letter-spacing:="" -0.4px;="" text-align:="" justify;"="">&nbsp;</span></p>','조보아','2020-12-03','조보아.jpg','조보아.jpg');
Insert into HSDSEMI.POSTSCRIPTE (P_NUM,P_TITLE,P_CONTENT,P_WRITER,P_DATE,FILENAME,FILEPATH) values (81,'또 촬영했어요','<div style="box-sizing: border-box; color: rgb(33, 37, 41); font-family: -apple-system, BlinkMacSystemFont, &quot;Segoe UI&quot;, Roboto, &quot;Helvetica Neue&quot;, Arial, &quot;Noto Sans&quot;, sans-serif, &quot;Apple Color Emoji&quot;, &quot;Segoe UI Emoji&quot;, &quot;Segoe UI Symbol&quot;, &quot;Noto Color Emoji&quot;; font-size: 16px; background-color: rgb(255, 255, 255);"><br></div><div style="box-sizing: border-box; color: rgb(33, 37, 41); font-family: -apple-system, BlinkMacSystemFont, &quot;Segoe UI&quot;, Roboto, &quot;Helvetica Neue&quot;, Arial, &quot;Noto Sans&quot;, sans-serif, &quot;Apple Color Emoji&quot;, &quot;Segoe UI Emoji&quot;, &quot;Segoe UI Symbol&quot;, &quot;Noto Color Emoji&quot;; font-size: 16px; background-color: rgb(255, 255, 255);">이번에도 결과물이 너무 만족스러워서 후기 남깁니다~!!</div><div style="box-sizing: border-box; color: rgb(33, 37, 41); font-family: -apple-system, BlinkMacSystemFont, &quot;Segoe UI&quot;, Roboto, &quot;Helvetica Neue&quot;, Arial, &quot;Noto Sans&quot;, sans-serif, &quot;Apple Color Emoji&quot;, &quot;Segoe UI Emoji&quot;, &quot;Segoe UI Symbol&quot;, &quot;Noto Color Emoji&quot;; font-size: 16px; background-color: rgb(255, 255, 255);"><br></div><div style="box-sizing: border-box; color: rgb(33, 37, 41); font-family: -apple-system, BlinkMacSystemFont, &quot;Segoe UI&quot;, Roboto, &quot;Helvetica Neue&quot;, Arial, &quot;Noto Sans&quot;, sans-serif, &quot;Apple Color Emoji&quot;, &quot;Segoe UI Emoji&quot;, &quot;Segoe UI Symbol&quot;, &quot;Noto Color Emoji&quot;; font-size: 16px; background-color: rgb(255, 255, 255);">막 찍어도 화보네여</div><div style="box-sizing: border-box; color: rgb(33, 37, 41); font-family: -apple-system, BlinkMacSystemFont, &quot;Segoe UI&quot;, Roboto, &quot;Helvetica Neue&quot;, Arial, &quot;Noto Sans&quot;, sans-serif, &quot;Apple Color Emoji&quot;, &quot;Segoe UI Emoji&quot;, &quot;Segoe UI Symbol&quot;, &quot;Noto Color Emoji&quot;; font-size: 16px; background-color: rgb(255, 255, 255);"><br></div><div style="box-sizing: border-box; color: rgb(33, 37, 41); font-family: -apple-system, BlinkMacSystemFont, &quot;Segoe UI&quot;, Roboto, &quot;Helvetica Neue&quot;, Arial, &quot;Noto Sans&quot;, sans-serif, &quot;Apple Color Emoji&quot;, &quot;Segoe UI Emoji&quot;, &quot;Segoe UI Symbol&quot;, &quot;Noto Color Emoji&quot;; font-size: 16px; background-color: rgb(255, 255, 255);"><br></div>','이제훈','2020-12-03','제훈2.jpg','제훈2.jpg');
Insert into HSDSEMI.POSTSCRIPTE (P_NUM,P_TITLE,P_CONTENT,P_WRITER,P_DATE,FILENAME,FILEPATH) values (83,'개인 프로필 촬영했어요~!!','<p segoe="" ui",="" roboto,="" "helvetica="" neue",="" arial,="" "noto="" sans",="" sans-serif,="" "apple="" color="" emoji",="" "segoe="" ui="" symbol",="" emoji";="" font-size:="" 16px;="" background-color:="" rgb(255,="" 255,="" 255);"="" style="box-sizing: border-box; margin-bottom: 1rem; color: rgb(33, 37, 41); font-family: -apple-system, BlinkMacSystemFont, &quot;Segoe UI&quot;, Roboto, &quot;Helvetica Neue&quot;, Arial, &quot;Noto Sans&quot;, sans-serif, &quot;Apple Color Emoji&quot;, &quot;Segoe UI Emoji&quot;, &quot;Segoe UI Symbol&quot;, &quot;Noto Color Emoji&quot;; font-size: 16px; background-color: rgb(255, 255, 255);"><span style="box-sizing: border-box; font-size: 11pt; background-color: rgb(201, 224, 240); color: rgb(99, 99, 99);">사진 너무 맘에 들어요</span></p><p segoe="" ui",="" roboto,="" "helvetica="" neue",="" arial,="" "noto="" sans",="" sans-serif,="" "apple="" color="" emoji",="" "segoe="" ui="" symbol",="" emoji";="" font-size:="" 16px;="" background-color:="" rgb(255,="" 255,="" 255);"="" style="box-sizing: border-box; margin-bottom: 1rem; color: rgb(33, 37, 41); font-family: -apple-system, BlinkMacSystemFont, &quot;Segoe UI&quot;, Roboto, &quot;Helvetica Neue&quot;, Arial, &quot;Noto Sans&quot;, sans-serif, &quot;Apple Color Emoji&quot;, &quot;Segoe UI Emoji&quot;, &quot;Segoe UI Symbol&quot;, &quot;Noto Color Emoji&quot;; font-size: 16px; background-color: rgb(255, 255, 255);"><span style="box-sizing: border-box; font-size: 11pt; background-color: rgb(201, 224, 240); color: rgb(99, 99, 99);">작가님이 정말 열정적으로 찍어주셔서 감동했어요</span></p><p segoe="" ui",="" roboto,="" "helvetica="" neue",="" arial,="" "noto="" sans",="" sans-serif,="" "apple="" color="" emoji",="" "segoe="" ui="" symbol",="" emoji";="" font-size:="" 16px;="" background-color:="" rgb(255,="" 255,="" 255);"="" style="box-sizing: border-box; margin-bottom: 1rem; color: rgb(33, 37, 41); font-family: -apple-system, BlinkMacSystemFont, &quot;Segoe UI&quot;, Roboto, &quot;Helvetica Neue&quot;, Arial, &quot;Noto Sans&quot;, sans-serif, &quot;Apple Color Emoji&quot;, &quot;Segoe UI Emoji&quot;, &quot;Segoe UI Symbol&quot;, &quot;Noto Color Emoji&quot;; font-size: 16px; background-color: rgb(255, 255, 255);"><span style="box-sizing: border-box; background-color: rgb(201, 224, 240); color: rgb(99, 99, 99); font-size: 11pt;">결과물 보니까 더더 감동이에요</span></p><p style="box-sizing: border-box; margin-bottom: 1rem; color: rgb(33, 37, 41); font-family: -apple-system, BlinkMacSystemFont, &quot;Segoe UI&quot;, Roboto, &quot;Helvetica Neue&quot;, Arial, &quot;Noto Sans&quot;, sans-serif, &quot;Apple Color Emoji&quot;, &quot;Segoe UI Emoji&quot;, &quot;Segoe UI Symbol&quot;, &quot;Noto Color Emoji&quot;; font-size: 16px; background-color: rgb(255, 255, 255);"><span style="box-sizing: border-box; color: rgb(99, 99, 99); background-color: rgb(201, 224, 240); font-size: 11pt;">앞으로 사진 찍을 때 스튜디오무드 자주 이용할 것 같아요&nbsp;</span></p><p style="box-sizing: border-box; margin-bottom: 1rem; color: rgb(33, 37, 41); font-family: -apple-system, BlinkMacSystemFont, &quot;Segoe UI&quot;, Roboto, &quot;Helvetica Neue&quot;, Arial, &quot;Noto Sans&quot;, sans-serif, &quot;Apple Color Emoji&quot;, &quot;Segoe UI Emoji&quot;, &quot;Segoe UI Symbol&quot;, &quot;Noto Color Emoji&quot;; font-size: 16px; background-color: rgb(255, 255, 255);"><span style="box-sizing: border-box; color: rgb(99, 99, 99); background-color: rgb(201, 224, 240); font-size: 11pt;">예쁘게 찍어주셔서 감사합니당</span></p>','예지','2020-12-03','예지.jpg','예지.jpg');
Insert into HSDSEMI.POSTSCRIPTE (P_NUM,P_TITLE,P_CONTENT,P_WRITER,P_DATE,FILENAME,FILEPATH) values (84,'개인 프로필 후기...','<p><span style="font-size: 11pt;">&nbsp;</span></p><p><span style="font-size: 11pt;">&nbsp;</span></p><p><span style="font-size: 11pt;">사진 분위기가 너무 마음에 들어요</span></p><p><span style="font-size: 14.6667px;">보정도 너무 잘해주셔서 좋았어요</span></p><p><span style="font-size: 11pt;">다음에 촬영할 일이 있으면 다시 방문하고 싶네요</span></p><p>&nbsp;</p><p><span style="font-size: 11pt;">&nbsp;</span></p><p><span style="font-size: 11pt;">&nbsp;</span></p>','서강준','2020-12-03','서강준.jpg','서강준.jpg');
Insert into HSDSEMI.POSTSCRIPTE (P_NUM,P_TITLE,P_CONTENT,P_WRITER,P_DATE,FILENAME,FILEPATH) values (85,'프로필 촬영 후기','<p><span style="color: rgb(51, 51, 51); font-family: &quot;맑은 고딕&quot;, gulim, verdana, san-serif, arial; font-size: 16px; letter-spacing: -0.5px; background-color: rgb(255, 255, 255);">&nbsp;</span></p><p><span style="color: rgb(51, 51, 51); font-family: &quot;맑은 고딕&quot;, gulim, verdana, san-serif, arial; font-size: 16px; letter-spacing: -0.5px; background-color: rgb(255, 255, 255);">‘녹두전’으로 다시 한번 ‘사극 여신’에 등극한 배우 김소현(20)을 매일경제 스타투데이가 만났다.</span><br style="color: rgb(51, 51, 51); font-family: &quot;맑은 고딕&quot;, gulim, verdana, san-serif, arial; font-size: 16px; letter-spacing: -0.5px; background-color: rgb(255, 255, 255);"><br style="color: rgb(51, 51, 51); font-family: &quot;맑은 고딕&quot;, gulim, verdana, san-serif, arial; font-size: 16px; letter-spacing: -0.5px; background-color: rgb(255, 255, 255);"><span style="color: rgb(51, 51, 51); font-family: &quot;맑은 고딕&quot;, gulim, verdana, san-serif, arial; font-size: 16px; letter-spacing: -0.5px; background-color: rgb(255, 255, 255);">김소현은 지난달 25일 종영한 KBS2 월화드라마 ‘조선로코-녹두전’(연출 김동휘 강수연, 극본 임예진 백소연, 이하 녹두전)에서 당찬 면모 속에 아픈 과거를 숨긴 동주 역을 맡아 열연을 펼쳤다.</span></p><p><span style="color: rgb(51, 51, 51); font-family: &quot;맑은 고딕&quot;, gulim, verdana, san-serif, arial; font-size: 16px; letter-spacing: -0.5px; background-color: rgb(255, 255, 255);">&nbsp;</span></p>','김소현','2020-12-03','김소현.jpg','김소현.jpg');
Insert into HSDSEMI.POSTSCRIPTE (P_NUM,P_TITLE,P_CONTENT,P_WRITER,P_DATE,FILENAME,FILEPATH) values (86,'촬영 후기^_^','<div style="box-sizing: border-box; color: rgb(33, 37, 41); font-family: -apple-system, BlinkMacSystemFont, " segoe="" ui",="" roboto,="" "helvetica="" neue",="" arial,="" "noto="" sans",="" sans-serif,="" "apple="" color="" emoji",="" "segoe="" ui="" symbol",="" emoji";="" font-size:="" 16px;="" background-color:="" rgb(255,="" 255,="" 255);"=""><div style="box-sizing: border-box; font-family: -apple-system, BlinkMacSystemFont, " segoe="" ui",="" roboto,="" "helvetica="" neue",="" arial,="" "noto="" sans",="" sans-serif,="" "apple="" color="" emoji",="" "segoe="" ui="" symbol",="" emoji";="" font-size:="" 16px;="" background-color:="" rgb(255,="" 255,="" 255);"=""><div style="box-sizing: border-box; font-family: -apple-system, BlinkMacSystemFont, " segoe="" ui",="" roboto,="" "helvetica="" neue",="" arial,="" "noto="" sans",="" sans-serif,="" "apple="" color="" emoji",="" "segoe="" ui="" symbol",="" emoji";="" font-size:="" 16px;="" background-color:="" rgb(255,="" 255,="" 255);"=""><div style="box-sizing: border-box; font-family: -apple-system, BlinkMacSystemFont, " segoe="" ui",="" roboto,="" "helvetica="" neue",="" arial,="" "noto="" sans",="" sans-serif,="" "apple="" color="" emoji",="" "segoe="" ui="" symbol",="" emoji";="" font-size:="" 16px;="" background-color:="" rgb(255,="" 255,="" 255);"=""><span style="font-size: 14pt; color: rgb(0, 0, 0);">안녕하세요 결과물이 너무 만족스러워서 후기 남깁니다~!!</span></div><div style="box-sizing: border-box; font-family: -apple-system, BlinkMacSystemFont, " segoe="" ui",="" roboto,="" "helvetica="" neue",="" arial,="" "noto="" sans",="" sans-serif,="" "apple="" color="" emoji",="" "segoe="" ui="" symbol",="" emoji";="" font-size:="" 16px;="" background-color:="" rgb(255,="" 255,="" 255);"=""><span style="font-size: 14pt; color: rgb(0, 0, 0);">처음에 어디서 찍을까 고민하다가 작가님 인스타에서 사진을 보고 분위기가 너무 맘에 들어서 스튜디오 무드로 결정하게 됐어요!!</span></div><div style="box-sizing: border-box; font-family: -apple-system, BlinkMacSystemFont, " segoe="" ui",="" roboto,="" "helvetica="" neue",="" arial,="" "noto="" sans",="" sans-serif,="" "apple="" color="" emoji",="" "segoe="" ui="" symbol",="" emoji";="" font-size:="" 16px;="" background-color:="" rgb(255,="" 255,="" 255);"=""><span style="font-size: 14pt; color: rgb(0, 0, 0);">제가 촬영 경험이 없어서 걱정했는데&nbsp;</span><span segoe="" ui",="" roboto,="" "helvetica="" neue",="" arial,="" "noto="" sans",="" sans-serif,="" "apple="" color="" emoji",="" "segoe="" ui="" symbol",="" emoji";="" font-size:="" 16px;"="" style="background-color: rgb(255, 255, 255); font-size: 14pt; color: rgb(0, 0, 0);">작가님께서 하나하나 세심하게 다 신경 써주셔서 너무 좋았어요&nbsp;</span><span segoe="" ui",="" roboto,="" "helvetica="" neue",="" arial,="" "noto="" sans",="" sans-serif,="" "apple="" color="" emoji",="" "segoe="" ui="" symbol",="" emoji";="" font-size:="" 16px;"="" style="background-color: rgb(255, 255, 255); font-size: 14pt; color: rgb(0, 0, 0);">작가님의 조언대로 하니 인생 샷을 건질 수 있었습니다!!&nbsp;</span><span segoe="" ui",="" roboto,="" "helvetica="" neue",="" arial,="" "noto="" sans",="" sans-serif,="" "apple="" color="" emoji",="" "segoe="" ui="" symbol",="" emoji";="" font-size:="" 16px;"="" style="background-color: rgb(255, 255, 255); font-size: 14pt; color: rgb(0, 0, 0);">촬영 때도 작가님이 긴장을 풀어주셔서 더 좋은 사진이 나온 거 같아요&nbsp;</span><span style="background-color: rgb(255, 255, 255); font-size: 14pt; color: rgb(0, 0, 0);" segoe="" ui",="" roboto,="" "helvetica="" neue",="" arial,="" "noto="" sans",="" sans-serif,="" "apple="" color="" emoji",="" "segoe="" ui="" symbol",="" emoji";="" font-size:="" 16px;"="">다음번에는 또 다른 분위기로도 찍어보고 싶네요!!</span></div></div></div></div>','이제훈','2020-12-03','이제훈.jpg','이제훈1.jpg');
REM INSERTING into HSDSEMI.QNA
SET DEFINE OFF;
Insert into HSDSEMI.QNA (Q_NUM,Q_TITLE,Q_CONTENT,Q_WRITER,Q_DATE,OPEN_CHK) values (1,'test완료','완료','user01','2020-11-26','1');
Insert into HSDSEMI.QNA (Q_NUM,Q_TITLE,Q_CONTENT,Q_WRITER,Q_DATE,OPEN_CHK) values (46,'스마트에디터 ','<span style="font-size: 16px; background-color: rgb(109, 48, 207);">스마트&nbsp;<span style="color: rgb(0, 0, 0); background-color: rgb(255, 255, 255);">?에디터&nbsp;<span style="font-size: 14pt; color: rgb(229, 115, 174);">?수정~~</span></span></span>','user01','2020-12-01','0');
Insert into HSDSEMI.QNA (Q_NUM,Q_TITLE,Q_CONTENT,Q_WRITER,Q_DATE,OPEN_CHK) values (3,'qnatest','1','user01','2020-11-27','0');
Insert into HSDSEMI.QNA (Q_NUM,Q_TITLE,Q_CONTENT,Q_WRITER,Q_DATE,OPEN_CHK) values (4,'test','test','user01','2020-11-27','0');
Insert into HSDSEMI.QNA (Q_NUM,Q_TITLE,Q_CONTENT,Q_WRITER,Q_DATE,OPEN_CHK) values (5,'test','test','user01','2020-11-27','0');
Insert into HSDSEMI.QNA (Q_NUM,Q_TITLE,Q_CONTENT,Q_WRITER,Q_DATE,OPEN_CHK) values (7,'7번째 test','test','user01','2020-11-27','0');
Insert into HSDSEMI.QNA (Q_NUM,Q_TITLE,Q_CONTENT,Q_WRITER,Q_DATE,OPEN_CHK) values (8,'8번째 test','test','user01','2020-11-27','0');
Insert into HSDSEMI.QNA (Q_NUM,Q_TITLE,Q_CONTENT,Q_WRITER,Q_DATE,OPEN_CHK) values (9,'9번째 test','test','user01','2020-11-27','0');
Insert into HSDSEMI.QNA (Q_NUM,Q_TITLE,Q_CONTENT,Q_WRITER,Q_DATE,OPEN_CHK) values (10,'10번째 test','test','user01','2020-11-27','0');
Insert into HSDSEMI.QNA (Q_NUM,Q_TITLE,Q_CONTENT,Q_WRITER,Q_DATE,OPEN_CHK) values (11,'11번째 test','test','user01','2020-11-27','0');
Insert into HSDSEMI.QNA (Q_NUM,Q_TITLE,Q_CONTENT,Q_WRITER,Q_DATE,OPEN_CHK) values (12,'12번째 test','test','user01','2020-11-27','0');
Insert into HSDSEMI.QNA (Q_NUM,Q_TITLE,Q_CONTENT,Q_WRITER,Q_DATE,OPEN_CHK) values (13,'13번째 test','test','user01','2020-11-27','0');
Insert into HSDSEMI.QNA (Q_NUM,Q_TITLE,Q_CONTENT,Q_WRITER,Q_DATE,OPEN_CHK) values (14,'14번째 test','test','user01','2020-11-27','0');
Insert into HSDSEMI.QNA (Q_NUM,Q_TITLE,Q_CONTENT,Q_WRITER,Q_DATE,OPEN_CHK) values (15,'15번째 test','test','user01','2020-11-27','0');
Insert into HSDSEMI.QNA (Q_NUM,Q_TITLE,Q_CONTENT,Q_WRITER,Q_DATE,OPEN_CHK) values (16,'16번째 test','test','user01','2020-11-27','0');
Insert into HSDSEMI.QNA (Q_NUM,Q_TITLE,Q_CONTENT,Q_WRITER,Q_DATE,OPEN_CHK) values (17,'17번째 test','test','user01','2020-11-27','0');
Insert into HSDSEMI.QNA (Q_NUM,Q_TITLE,Q_CONTENT,Q_WRITER,Q_DATE,OPEN_CHK) values (18,'18번째 test','test','user01','2020-11-27','0');
Insert into HSDSEMI.QNA (Q_NUM,Q_TITLE,Q_CONTENT,Q_WRITER,Q_DATE,OPEN_CHK) values (19,'19번째 test','test','user01','2020-11-27','0');
Insert into HSDSEMI.QNA (Q_NUM,Q_TITLE,Q_CONTENT,Q_WRITER,Q_DATE,OPEN_CHK) values (20,'20번째 test','test','user01','2020-11-27','1');
Insert into HSDSEMI.QNA (Q_NUM,Q_TITLE,Q_CONTENT,Q_WRITER,Q_DATE,OPEN_CHK) values (21,'21번째 test','test','user01','2020-11-27','1');
Insert into HSDSEMI.QNA (Q_NUM,Q_TITLE,Q_CONTENT,Q_WRITER,Q_DATE,OPEN_CHK) values (22,'22번째 test','test','user01','2020-11-27','1');
Insert into HSDSEMI.QNA (Q_NUM,Q_TITLE,Q_CONTENT,Q_WRITER,Q_DATE,OPEN_CHK) values (23,'23번째 test','test','user01','2020-11-27','0');
Insert into HSDSEMI.QNA (Q_NUM,Q_TITLE,Q_CONTENT,Q_WRITER,Q_DATE,OPEN_CHK) values (24,'24번째 test','test','user01','2020-11-27','1');
Insert into HSDSEMI.QNA (Q_NUM,Q_TITLE,Q_CONTENT,Q_WRITER,Q_DATE,OPEN_CHK) values (25,'25번째 test','test','user01','2020-11-27','1');
Insert into HSDSEMI.QNA (Q_NUM,Q_TITLE,Q_CONTENT,Q_WRITER,Q_DATE,OPEN_CHK) values (48,'test','test','user01','2020-12-01','1');
Insert into HSDSEMI.QNA (Q_NUM,Q_TITLE,Q_CONTENT,Q_WRITER,Q_DATE,OPEN_CHK) values (27,'27번째 test','test','id03','2020-11-27','0');
Insert into HSDSEMI.QNA (Q_NUM,Q_TITLE,Q_CONTENT,Q_WRITER,Q_DATE,OPEN_CHK) values (28,'28번째 test','test','id03','2020-11-27','0');
Insert into HSDSEMI.QNA (Q_NUM,Q_TITLE,Q_CONTENT,Q_WRITER,Q_DATE,OPEN_CHK) values (49,'오오오오오오오 짱신기하다','<p style="margin-left: 40px;"><span style="font-size: 36pt;">우와~~~~</span></p><p style="margin-left: 40px;"><span style="font-size: 36pt;">에디터 너무 신기해요~~~</span></p><p style="margin-left: 40px;"><span style="font-size: 36pt;">어케했어요~~~~</span></p>','user01','2020-12-01','0');
Insert into HSDSEMI.QNA (Q_NUM,Q_TITLE,Q_CONTENT,Q_WRITER,Q_DATE,OPEN_CHK) values (30,'30번째 test','test','id03','2020-11-27','1');
Insert into HSDSEMI.QNA (Q_NUM,Q_TITLE,Q_CONTENT,Q_WRITER,Q_DATE,OPEN_CHK) values (50,'test','test','user01','2020-12-01','0');
Insert into HSDSEMI.QNA (Q_NUM,Q_TITLE,Q_CONTENT,Q_WRITER,Q_DATE,OPEN_CHK) values (52,'시간 더 오래 걸릴 수도 있나욥','testset<span style="color: rgb(255, 170, 0);">?1111</span>','user01','2020-12-02','0');
Insert into HSDSEMI.QNA (Q_NUM,Q_TITLE,Q_CONTENT,Q_WRITER,Q_DATE,OPEN_CHK) values (53,'저 질문있어요','test','user01','2020-12-02','0');
Insert into HSDSEMI.QNA (Q_NUM,Q_TITLE,Q_CONTENT,Q_WRITER,Q_DATE,OPEN_CHK) values (54,'비밀글입니다','<p><span style="font-size: 12pt;">관리자한테도 비밀임</span></p><p><span style="font-size: 16px;">왜냐면 내맘</span></p>','서강준','2020-12-03','1');
Insert into HSDSEMI.QNA (Q_NUM,Q_TITLE,Q_CONTENT,Q_WRITER,Q_DATE,OPEN_CHK) values (55,'메이크업은 어느정도로 해야하나요','진하게 하나욥','김소현','2020-12-03','0');
Insert into HSDSEMI.QNA (Q_NUM,Q_TITLE,Q_CONTENT,Q_WRITER,Q_DATE,OPEN_CHK) values (56,'잘생김 사진에 다 담을 수 있습니까?','<span style="font-size: 16px;">가능할까요?</span>','이제훈','2020-12-03','0');
Insert into HSDSEMI.QNA (Q_NUM,Q_TITLE,Q_CONTENT,Q_WRITER,Q_DATE,OPEN_CHK) values (57,'비밀글입니다','<p><span style="font-size: 12pt;">비밀인데요...</span></p><p><span style="font-size: 12pt;">제가 왜 말해야하죠?</span></p>','수지','2020-12-03','1');
Insert into HSDSEMI.QNA (Q_NUM,Q_TITLE,Q_CONTENT,Q_WRITER,Q_DATE,OPEN_CHK) values (58,'비밀글입니다','<p><span style="font-size: 12pt;">장난입니당~~</span><span style="font-size: 12pt;">?</span></p><p><span style="font-size: 16px;">가격은 얼마인가요</span></p>','수지','2020-12-03','1');
Insert into HSDSEMI.QNA (Q_NUM,Q_TITLE,Q_CONTENT,Q_WRITER,Q_DATE,OPEN_CHK) values (59,'질문있습니다','<span style="font-size: 12pt; background-color: rgb(255, 255, 255); color: rgb(0, 0, 0);">모두 선호한 하루 보내고 계신가요?</span>','김선호','2020-12-03','0');
Insert into HSDSEMI.QNA (Q_NUM,Q_TITLE,Q_CONTENT,Q_WRITER,Q_DATE,OPEN_CHK) values (62,'단체와 개인 둘 다 찍을 수 있나요','하루안에 가능한가요','예지','2020-12-03','0');
Insert into HSDSEMI.QNA (Q_NUM,Q_TITLE,Q_CONTENT,Q_WRITER,Q_DATE,OPEN_CHK) values (63,'보정 어느정도로 해주시나요','<span style="font-size: 14pt;">빡세게 받고싶은데</span>','유승호','2020-12-03','0');
Insert into HSDSEMI.QNA (Q_NUM,Q_TITLE,Q_CONTENT,Q_WRITER,Q_DATE,OPEN_CHK) values (64,'옷은 어떤거 입어야할까요','<span style="font-size: 12pt;">잇지처럼 찍고 싶은데...</span>','류진','2020-12-03','0');
Insert into HSDSEMI.QNA (Q_NUM,Q_TITLE,Q_CONTENT,Q_WRITER,Q_DATE,OPEN_CHK) values (65,'시간 얼마나 걸리나요','<span style="font-size: 12pt;">딱 두시간이면 되나요?</span>','조보아','2020-12-03','0');
Insert into HSDSEMI.QNA (Q_NUM,Q_TITLE,Q_CONTENT,Q_WRITER,Q_DATE,OPEN_CHK) values (66,'사진 너무 깡패처럼 나왔어요','<span style="font-size: 16px;">다른 사진 없을까요??</span>','nct','2020-12-03','0');
Insert into HSDSEMI.QNA (Q_NUM,Q_TITLE,Q_CONTENT,Q_WRITER,Q_DATE,OPEN_CHK) values (67,'4명이서 찍으면 가격은 어떻게 되나요','<span style="font-size: 14pt;">한사람당 얼마인가요?</span>','치츄','2020-12-03','0');
Insert into HSDSEMI.QNA (Q_NUM,Q_TITLE,Q_CONTENT,Q_WRITER,Q_DATE,OPEN_CHK) values (68,'옷 여러 벌 가져가도 되나요','<span style="font-size: 14pt;">많이 찍고 싶어서요</span>','태연','2020-12-03','0');
Insert into HSDSEMI.QNA (Q_NUM,Q_TITLE,Q_CONTENT,Q_WRITER,Q_DATE,OPEN_CHK) values (69,'비밀글입니다','<p><span style="font-size: 12pt;">촬영 후기 쓰면 할인되나요??</span></p><p><span style="font-size: 12pt;">&nbsp;</span></p>','슬기','2020-12-03','1');
Insert into HSDSEMI.QNA (Q_NUM,Q_TITLE,Q_CONTENT,Q_WRITER,Q_DATE,OPEN_CHK) values (70,'단체 사진은 보통 어떤 옷 입나요??','<span style="font-size: 14pt;">처음이라서ㅠㅠ</span>','더보이즈','2020-12-03','0');
Insert into HSDSEMI.QNA (Q_NUM,Q_TITLE,Q_CONTENT,Q_WRITER,Q_DATE,OPEN_CHK) values (71,'커플 촬영도 되나요?','<span style="font-size: 14pt;">여자친구도 찍고 싶다해서...</span>','이동욱','2020-12-03','0');
Insert into HSDSEMI.QNA (Q_NUM,Q_TITLE,Q_CONTENT,Q_WRITER,Q_DATE,OPEN_CHK) values (72,'단체 몇명까지 가능한가요??','<span style="font-size: 14pt;">100명도 되나요??</span>','exo','2020-12-03','0');
Insert into HSDSEMI.QNA (Q_NUM,Q_TITLE,Q_CONTENT,Q_WRITER,Q_DATE,OPEN_CHK) values (81,'와! 에디터!','<blockquote class=se2_quote10 style="_zoom:1;margin:0 0 30px 0;padding:10px;border:2px solid #e5e5e5;background:url(http://static.se2.naver.com/static/img/bg_b1.png) repeat;_background:none;_filter:progid:DXImageTransform.Microsoft.AlphaImageLoader(src=''http://static.se2.naver.com/static/img/bg_b1.png'',sizingMethod=''scale'');color:#888888;"><div style="text-align: center;" align="center"><b><span style="font-size: 36pt;"><u><span style="background-color: rgb(255, 0, 0); color: rgb(255, 255, 255);"><u><span style="background-color: rgb(255, 239, 0); color: rgb(0, 0, 0);"><u>너무 신기해요!! WA!!!!</u></span></u></span></u></span></b></div></blockquote><p><span style="color: rgb(0, 0, 0);">&nbsp;</span></p>','user01','2020-12-04','0');
Insert into HSDSEMI.QNA (Q_NUM,Q_TITLE,Q_CONTENT,Q_WRITER,Q_DATE,OPEN_CHK) values (77,'이거 맞아요?','ㅇㅇ?','user01','2020-12-04','0');
Insert into HSDSEMI.QNA (Q_NUM,Q_TITLE,Q_CONTENT,Q_WRITER,Q_DATE,OPEN_CHK) values (78,'dd','ddd','user01','2020-12-04','1');
Insert into HSDSEMI.QNA (Q_NUM,Q_TITLE,Q_CONTENT,Q_WRITER,Q_DATE,OPEN_CHK) values (79,'석호씨 너무 잘생겼어요','ㅎㅎ&nbsp;','석호바보','2020-12-04','0');
Insert into HSDSEMI.QNA (Q_NUM,Q_TITLE,Q_CONTENT,Q_WRITER,Q_DATE,OPEN_CHK) values (85,'석호씨 목소리 멋있네요','거.짓.말','user01','2020-12-04','0');
REM INSERTING into HSDSEMI.QNACOMENT
SET DEFINE OFF;
Insert into HSDSEMI.QNACOMENT (QC_NUM,QC_WRITER,QC_CONTENT,QC_DATE,QC_REF) values (3,'admin','testest','2020-11-27',1);
Insert into HSDSEMI.QNACOMENT (QC_NUM,QC_WRITER,QC_CONTENT,QC_DATE,QC_REF) values (7,'admin','test~~~','2020-11-28',5);
Insert into HSDSEMI.QNACOMENT (QC_NUM,QC_WRITER,QC_CONTENT,QC_DATE,QC_REF) values (12,'admin','test1111','2020-11-29',5);
Insert into HSDSEMI.QNACOMENT (QC_NUM,QC_WRITER,QC_CONTENT,QC_DATE,QC_REF) values (16,'admin','안녕하세요?????','2020-12-01',46);
Insert into HSDSEMI.QNACOMENT (QC_NUM,QC_WRITER,QC_CONTENT,QC_DATE,QC_REF) values (14,'admin','test
','2020-11-30',27);
Insert into HSDSEMI.QNACOMENT (QC_NUM,QC_WRITER,QC_CONTENT,QC_DATE,QC_REF) values (11,'admin','test','2020-11-28',3);
Insert into HSDSEMI.QNACOMENT (QC_NUM,QC_WRITER,QC_CONTENT,QC_DATE,QC_REF) values (18,'admin','집에 가고시ㅠ다','2020-12-01',46);
Insert into HSDSEMI.QNACOMENT (QC_NUM,QC_WRITER,QC_CONTENT,QC_DATE,QC_REF) values (17,'admin','test','2020-12-01',46);
Insert into HSDSEMI.QNACOMENT (QC_NUM,QC_WRITER,QC_CONTENT,QC_DATE,QC_REF) values (19,'admin','댓글테스트
test
tes
et','2020-12-02',52);
Insert into HSDSEMI.QNACOMENT (QC_NUM,QC_WRITER,QC_CONTENT,QC_DATE,QC_REF) values (20,'admin','댓글','2020-12-02',52);
Insert into HSDSEMI.QNACOMENT (QC_NUM,QC_WRITER,QC_CONTENT,QC_DATE,QC_REF) values (21,'admin','관리자입니다.','2020-12-02',48);
Insert into HSDSEMI.QNACOMENT (QC_NUM,QC_WRITER,QC_CONTENT,QC_DATE,QC_REF) values (22,'admin','100명은 어렵습니다ㅠㅠ','2020-12-03',72);
Insert into HSDSEMI.QNACOMENT (QC_NUM,QC_WRITER,QC_CONTENT,QC_DATE,QC_REF) values (23,'admin','안됩니다ㅠㅠ','2020-12-03',71);
Insert into HSDSEMI.QNACOMENT (QC_NUM,QC_WRITER,QC_CONTENT,QC_DATE,QC_REF) values (24,'admin','아무거나 입으시면 됩니다~~','2020-12-03',70);
Insert into HSDSEMI.QNACOMENT (QC_NUM,QC_WRITER,QC_CONTENT,QC_DATE,QC_REF) values (25,'admin','안됩니다ㅠㅠ','2020-12-03',69);
Insert into HSDSEMI.QNACOMENT (QC_NUM,QC_WRITER,QC_CONTENT,QC_DATE,QC_REF) values (26,'admin','가능합니다!','2020-12-03',68);
Insert into HSDSEMI.QNACOMENT (QC_NUM,QC_WRITER,QC_CONTENT,QC_DATE,QC_REF) values (27,'admin','계산기 뚜들...','2020-12-03',67);
Insert into HSDSEMI.QNACOMENT (QC_NUM,QC_WRITER,QC_CONTENT,QC_DATE,QC_REF) values (28,'admin','네 다른 사진 보정해서 보내드리겠습니다','2020-12-03',66);
Insert into HSDSEMI.QNACOMENT (QC_NUM,QC_WRITER,QC_CONTENT,QC_DATE,QC_REF) values (29,'admin','빡세게 해드리겠습니다','2020-12-03',63);
Insert into HSDSEMI.QNACOMENT (QC_NUM,QC_WRITER,QC_CONTENT,QC_DATE,QC_REF) values (30,'admin','가능합니다~','2020-12-03',62);
Insert into HSDSEMI.QNACOMENT (QC_NUM,QC_WRITER,QC_CONTENT,QC_DATE,QC_REF) values (31,'admin','당근~~^^!!','2020-12-03',59);
Insert into HSDSEMI.QNACOMENT (QC_NUM,QC_WRITER,QC_CONTENT,QC_DATE,QC_REF) values (32,'admin','얼마드라...','2020-12-03',58);
Insert into HSDSEMI.QNACOMENT (QC_NUM,QC_WRITER,QC_CONTENT,QC_DATE,QC_REF) values (33,'admin','이런 재치꾼...','2020-12-03',57);
Insert into HSDSEMI.QNACOMENT (QC_NUM,QC_WRITER,QC_CONTENT,QC_DATE,QC_REF) values (34,'admin','불가능ㅠㅠ','2020-12-03',56);
Insert into HSDSEMI.QNACOMENT (QC_NUM,QC_WRITER,QC_CONTENT,QC_DATE,QC_REF) values (35,'admin','네','2020-12-04',77);
Insert into HSDSEMI.QNACOMENT (QC_NUM,QC_WRITER,QC_CONTENT,QC_DATE,QC_REF) values (36,'admin','대체 어디가요?
','2020-12-04',79);
REM INSERTING into HSDSEMI.RESERVE
SET DEFINE OFF;
Insert into HSDSEMI.RESERVE (R_NUM,NAME,PHONE,R_DATE,S_TIME,E_TIME,CONCEPT,CUTNUM,R_CHECK,R_PASS) values (2,'박상혁','01055556666','2020-11-24','12','15','개인프로필',2,'N','1234');
Insert into HSDSEMI.RESERVE (R_NUM,NAME,PHONE,R_DATE,S_TIME,E_TIME,CONCEPT,CUTNUM,R_CHECK,R_PASS) values (36,'진현','01084458045','2020-12-24','11','12','바디프로필',1,'N','1234');
Insert into HSDSEMI.RESERVE (R_NUM,NAME,PHONE,R_DATE,S_TIME,E_TIME,CONCEPT,CUTNUM,R_CHECK,R_PASS) values (6,'허승','01098741586','2020-12-24','12','15','개인프로필',4,'N','1234');
Insert into HSDSEMI.RESERVE (R_NUM,NAME,PHONE,R_DATE,S_TIME,E_TIME,CONCEPT,CUTNUM,R_CHECK,R_PASS) values (7,'정기석','01022229999','2020-09-18','11','14','바디프로필',3,'N','2321');
Insert into HSDSEMI.RESERVE (R_NUM,NAME,PHONE,R_DATE,S_TIME,E_TIME,CONCEPT,CUTNUM,R_CHECK,R_PASS) values (32,'안화용','01020874693','2020-12-01','13','14','개인프로필',2,'N','1234');
Insert into HSDSEMI.RESERVE (R_NUM,NAME,PHONE,R_DATE,S_TIME,E_TIME,CONCEPT,CUTNUM,R_CHECK,R_PASS) values (9,'윤석호','01099992222','2020-12-18','12','13','단체사진',3,'Y','1234');
Insert into HSDSEMI.RESERVE (R_NUM,NAME,PHONE,R_DATE,S_TIME,E_TIME,CONCEPT,CUTNUM,R_CHECK,R_PASS) values (10,'이준영','01022229943','2020-11-11','13','15','개인프로필',4,'N','1234');
Insert into HSDSEMI.RESERVE (R_NUM,NAME,PHONE,R_DATE,S_TIME,E_TIME,CONCEPT,CUTNUM,R_CHECK,R_PASS) values (21,'문지훈','01022223333','2020-12-03','11','13','단체사진',4,'N','1234');
Insert into HSDSEMI.RESERVE (R_NUM,NAME,PHONE,R_DATE,S_TIME,E_TIME,CONCEPT,CUTNUM,R_CHECK,R_PASS) values (12,'염현수','01061589448','2020-09-24','13','14','개인프로필',5,'Y','1234');
Insert into HSDSEMI.RESERVE (R_NUM,NAME,PHONE,R_DATE,S_TIME,E_TIME,CONCEPT,CUTNUM,R_CHECK,R_PASS) values (37,'유저1','01011112222','2020-12-30','12','13','바디프로필',1,'N','1234');
Insert into HSDSEMI.RESERVE (R_NUM,NAME,PHONE,R_DATE,S_TIME,E_TIME,CONCEPT,CUTNUM,R_CHECK,R_PASS) values (22,'임성빈','01090740364','2020-12-08','12','14','단체사진',4,'N','1234');
Insert into HSDSEMI.RESERVE (R_NUM,NAME,PHONE,R_DATE,S_TIME,E_TIME,CONCEPT,CUTNUM,R_CHECK,R_PASS) values (23,'전상현','01045138796','2020-12-04','12','13','개인프로필',4,'N','1234');
Insert into HSDSEMI.RESERVE (R_NUM,NAME,PHONE,R_DATE,S_TIME,E_TIME,CONCEPT,CUTNUM,R_CHECK,R_PASS) values (35,'김이박','01012345678','2020-12-03','16','17','개인프로필',2,'N','1234');
Insert into HSDSEMI.RESERVE (R_NUM,NAME,PHONE,R_DATE,S_TIME,E_TIME,CONCEPT,CUTNUM,R_CHECK,R_PASS) values (26,'구창모','01033333333','2020-12-12','14','15','바디프로필',1,'N','1111');
Insert into HSDSEMI.RESERVE (R_NUM,NAME,PHONE,R_DATE,S_TIME,E_TIME,CONCEPT,CUTNUM,R_CHECK,R_PASS) values (27,'박재범','01055556666','2020-12-22','17','18','개인프로필',2,'N','1111');
Insert into HSDSEMI.RESERVE (R_NUM,NAME,PHONE,R_DATE,S_TIME,E_TIME,CONCEPT,CUTNUM,R_CHECK,R_PASS) values (28,'관리자','01012345678','2020-12-17','15','16','바디프로필',2,'N','1234');
Insert into HSDSEMI.RESERVE (R_NUM,NAME,PHONE,R_DATE,S_TIME,E_TIME,CONCEPT,CUTNUM,R_CHECK,R_PASS) values (29,'최승주','01097974819','2020-12-09','15','16','개인프로필',2,'N','1111');
--------------------------------------------------------
--  Constraints for Table NOTICE
--------------------------------------------------------

  ALTER TABLE "HSDSEMI"."NOTICE" ADD PRIMARY KEY ("N_NUM")
  USING INDEX PCTFREE 10 INITRANS 2 MAXTRANS 255 COMPUTE STATISTICS 
  STORAGE(INITIAL 65536 NEXT 1048576 MINEXTENTS 1 MAXEXTENTS 2147483645
  PCTINCREASE 0 FREELISTS 1 FREELIST GROUPS 1 BUFFER_POOL DEFAULT FLASH_CACHE DEFAULT CELL_FLASH_CACHE DEFAULT)
  TABLESPACE "SYSTEM"  ENABLE;
  ALTER TABLE "HSDSEMI"."NOTICE" MODIFY ("N_DATE" NOT NULL ENABLE);
  ALTER TABLE "HSDSEMI"."NOTICE" MODIFY ("N_WRITER" NOT NULL ENABLE);
  ALTER TABLE "HSDSEMI"."NOTICE" MODIFY ("N_CONTENT" NOT NULL ENABLE);
  ALTER TABLE "HSDSEMI"."NOTICE" MODIFY ("N_TITLE" NOT NULL ENABLE);
--------------------------------------------------------
--  Constraints for Table GALLERY
--------------------------------------------------------

  ALTER TABLE "HSDSEMI"."GALLERY" ADD PRIMARY KEY ("G_NUM")
  USING INDEX PCTFREE 10 INITRANS 2 MAXTRANS 255 COMPUTE STATISTICS 
  STORAGE(INITIAL 65536 NEXT 1048576 MINEXTENTS 1 MAXEXTENTS 2147483645
  PCTINCREASE 0 FREELISTS 1 FREELIST GROUPS 1 BUFFER_POOL DEFAULT FLASH_CACHE DEFAULT CELL_FLASH_CACHE DEFAULT)
  TABLESPACE "SYSTEM"  ENABLE;
  ALTER TABLE "HSDSEMI"."GALLERY" MODIFY ("G_CONTENT" NOT NULL ENABLE);
  ALTER TABLE "HSDSEMI"."GALLERY" MODIFY ("G_WRITER" NOT NULL ENABLE);
--------------------------------------------------------
--  Constraints for Table MEMBER
--------------------------------------------------------

  ALTER TABLE "HSDSEMI"."MEMBER" ADD PRIMARY KEY ("MEMBER_ID")
  USING INDEX PCTFREE 10 INITRANS 2 MAXTRANS 255 COMPUTE STATISTICS 
  STORAGE(INITIAL 65536 NEXT 1048576 MINEXTENTS 1 MAXEXTENTS 2147483645
  PCTINCREASE 0 FREELISTS 1 FREELIST GROUPS 1 BUFFER_POOL DEFAULT FLASH_CACHE DEFAULT CELL_FLASH_CACHE DEFAULT)
  TABLESPACE "SYSTEM"  ENABLE;
  ALTER TABLE "HSDSEMI"."MEMBER" MODIFY ("PHONE" NOT NULL ENABLE);
  ALTER TABLE "HSDSEMI"."MEMBER" MODIFY ("MEMBER_NAME" NOT NULL ENABLE);
  ALTER TABLE "HSDSEMI"."MEMBER" MODIFY ("MEMBER_PW" NOT NULL ENABLE);
--------------------------------------------------------
--  Constraints for Table QNACOMENT
--------------------------------------------------------

  ALTER TABLE "HSDSEMI"."QNACOMENT" ADD PRIMARY KEY ("QC_NUM")
  USING INDEX PCTFREE 10 INITRANS 2 MAXTRANS 255 COMPUTE STATISTICS 
  STORAGE(INITIAL 65536 NEXT 1048576 MINEXTENTS 1 MAXEXTENTS 2147483645
  PCTINCREASE 0 FREELISTS 1 FREELIST GROUPS 1 BUFFER_POOL DEFAULT FLASH_CACHE DEFAULT CELL_FLASH_CACHE DEFAULT)
  TABLESPACE "SYSTEM"  ENABLE;
  ALTER TABLE "HSDSEMI"."QNACOMENT" MODIFY ("QC_DATE" NOT NULL ENABLE);
  ALTER TABLE "HSDSEMI"."QNACOMENT" MODIFY ("QC_CONTENT" NOT NULL ENABLE);
  ALTER TABLE "HSDSEMI"."QNACOMENT" MODIFY ("QC_WRITER" NOT NULL ENABLE);
--------------------------------------------------------
--  Constraints for Table FAQ
--------------------------------------------------------

  ALTER TABLE "HSDSEMI"."FAQ" ADD PRIMARY KEY ("F_NUM")
  USING INDEX PCTFREE 10 INITRANS 2 MAXTRANS 255 COMPUTE STATISTICS 
  STORAGE(INITIAL 65536 NEXT 1048576 MINEXTENTS 1 MAXEXTENTS 2147483645
  PCTINCREASE 0 FREELISTS 1 FREELIST GROUPS 1 BUFFER_POOL DEFAULT FLASH_CACHE DEFAULT CELL_FLASH_CACHE DEFAULT)
  TABLESPACE "SYSTEM"  ENABLE;
  ALTER TABLE "HSDSEMI"."FAQ" MODIFY ("F_CONTENT" NOT NULL ENABLE);
  ALTER TABLE "HSDSEMI"."FAQ" MODIFY ("F_TITLE" NOT NULL ENABLE);
--------------------------------------------------------
--  Constraints for Table POSTCOMENT
--------------------------------------------------------

  ALTER TABLE "HSDSEMI"."POSTCOMENT" ADD PRIMARY KEY ("PC_NUM")
  USING INDEX PCTFREE 10 INITRANS 2 MAXTRANS 255 COMPUTE STATISTICS 
  STORAGE(INITIAL 65536 NEXT 1048576 MINEXTENTS 1 MAXEXTENTS 2147483645
  PCTINCREASE 0 FREELISTS 1 FREELIST GROUPS 1 BUFFER_POOL DEFAULT FLASH_CACHE DEFAULT CELL_FLASH_CACHE DEFAULT)
  TABLESPACE "SYSTEM"  ENABLE;
  ALTER TABLE "HSDSEMI"."POSTCOMENT" MODIFY ("PC_DATE" NOT NULL ENABLE);
  ALTER TABLE "HSDSEMI"."POSTCOMENT" MODIFY ("PC_CONTENT" NOT NULL ENABLE);
  ALTER TABLE "HSDSEMI"."POSTCOMENT" MODIFY ("PC_WRITER" NOT NULL ENABLE);
--------------------------------------------------------
--  Constraints for Table POSTSCRIPTE
--------------------------------------------------------

  ALTER TABLE "HSDSEMI"."POSTSCRIPTE" ADD PRIMARY KEY ("P_NUM")
  USING INDEX PCTFREE 10 INITRANS 2 MAXTRANS 255 COMPUTE STATISTICS 
  STORAGE(INITIAL 65536 NEXT 1048576 MINEXTENTS 1 MAXEXTENTS 2147483645
  PCTINCREASE 0 FREELISTS 1 FREELIST GROUPS 1 BUFFER_POOL DEFAULT FLASH_CACHE DEFAULT CELL_FLASH_CACHE DEFAULT)
  TABLESPACE "SYSTEM"  ENABLE;
  ALTER TABLE "HSDSEMI"."POSTSCRIPTE" MODIFY ("P_DATE" NOT NULL ENABLE);
  ALTER TABLE "HSDSEMI"."POSTSCRIPTE" MODIFY ("P_WRITER" NOT NULL ENABLE);
  ALTER TABLE "HSDSEMI"."POSTSCRIPTE" MODIFY ("P_CONTENT" NOT NULL ENABLE);
  ALTER TABLE "HSDSEMI"."POSTSCRIPTE" MODIFY ("P_TITLE" NOT NULL ENABLE);
--------------------------------------------------------
--  Constraints for Table RESERVE
--------------------------------------------------------

  ALTER TABLE "HSDSEMI"."RESERVE" ADD PRIMARY KEY ("R_NUM")
  USING INDEX PCTFREE 10 INITRANS 2 MAXTRANS 255 COMPUTE STATISTICS 
  STORAGE(INITIAL 65536 NEXT 1048576 MINEXTENTS 1 MAXEXTENTS 2147483645
  PCTINCREASE 0 FREELISTS 1 FREELIST GROUPS 1 BUFFER_POOL DEFAULT FLASH_CACHE DEFAULT CELL_FLASH_CACHE DEFAULT)
  TABLESPACE "SYSTEM"  ENABLE;
  ALTER TABLE "HSDSEMI"."RESERVE" MODIFY ("CUTNUM" NOT NULL ENABLE);
  ALTER TABLE "HSDSEMI"."RESERVE" MODIFY ("CONCEPT" NOT NULL ENABLE);
  ALTER TABLE "HSDSEMI"."RESERVE" MODIFY ("S_TIME" NOT NULL ENABLE);
  ALTER TABLE "HSDSEMI"."RESERVE" MODIFY ("R_DATE" NOT NULL ENABLE);
  ALTER TABLE "HSDSEMI"."RESERVE" MODIFY ("PHONE" NOT NULL ENABLE);
  ALTER TABLE "HSDSEMI"."RESERVE" MODIFY ("NAME" NOT NULL ENABLE);
--------------------------------------------------------
--  Constraints for Table QNA
--------------------------------------------------------

  ALTER TABLE "HSDSEMI"."QNA" ADD PRIMARY KEY ("Q_NUM")
  USING INDEX PCTFREE 10 INITRANS 2 MAXTRANS 255 COMPUTE STATISTICS 
  STORAGE(INITIAL 65536 NEXT 1048576 MINEXTENTS 1 MAXEXTENTS 2147483645
  PCTINCREASE 0 FREELISTS 1 FREELIST GROUPS 1 BUFFER_POOL DEFAULT FLASH_CACHE DEFAULT CELL_FLASH_CACHE DEFAULT)
  TABLESPACE "SYSTEM"  ENABLE;
  ALTER TABLE "HSDSEMI"."QNA" MODIFY ("Q_DATE" NOT NULL ENABLE);
  ALTER TABLE "HSDSEMI"."QNA" MODIFY ("Q_WRITER" NOT NULL ENABLE);
  ALTER TABLE "HSDSEMI"."QNA" MODIFY ("Q_CONTENT" NOT NULL ENABLE);
  ALTER TABLE "HSDSEMI"."QNA" MODIFY ("Q_TITLE" NOT NULL ENABLE);
--------------------------------------------------------
--  Ref Constraints for Table GALLERY
--------------------------------------------------------

  ALTER TABLE "HSDSEMI"."GALLERY" ADD CONSTRAINT "FK_G_WRITER" FOREIGN KEY ("G_WRITER")
	  REFERENCES "HSDSEMI"."MEMBER" ("MEMBER_ID") ENABLE;
--------------------------------------------------------
--  Ref Constraints for Table NOTICE
--------------------------------------------------------

  ALTER TABLE "HSDSEMI"."NOTICE" ADD CONSTRAINT "FK_NOTICE_WRITER" FOREIGN KEY ("N_WRITER")
	  REFERENCES "HSDSEMI"."MEMBER" ("MEMBER_ID") ENABLE;
--------------------------------------------------------
--  Ref Constraints for Table POSTCOMENT
--------------------------------------------------------

  ALTER TABLE "HSDSEMI"."POSTCOMENT" ADD CONSTRAINT "FK_PC_REF" FOREIGN KEY ("PC_REF")
	  REFERENCES "HSDSEMI"."POSTSCRIPTE" ("P_NUM") ON DELETE CASCADE ENABLE;
  ALTER TABLE "HSDSEMI"."POSTCOMENT" ADD CONSTRAINT "FK_PC_WRITER" FOREIGN KEY ("PC_WRITER")
	  REFERENCES "HSDSEMI"."MEMBER" ("MEMBER_ID") ON DELETE CASCADE ENABLE;
--------------------------------------------------------
--  Ref Constraints for Table POSTSCRIPTE
--------------------------------------------------------

  ALTER TABLE "HSDSEMI"."POSTSCRIPTE" ADD CONSTRAINT "FK_POST_WRITER" FOREIGN KEY ("P_WRITER")
	  REFERENCES "HSDSEMI"."MEMBER" ("MEMBER_ID") ON DELETE CASCADE ENABLE;
--------------------------------------------------------
--  Ref Constraints for Table QNA
--------------------------------------------------------

  ALTER TABLE "HSDSEMI"."QNA" ADD CONSTRAINT "FK_QNA_WRITER" FOREIGN KEY ("Q_WRITER")
	  REFERENCES "HSDSEMI"."MEMBER" ("MEMBER_ID") ON DELETE CASCADE ENABLE;
--------------------------------------------------------
--  Ref Constraints for Table QNACOMENT
--------------------------------------------------------

  ALTER TABLE "HSDSEMI"."QNACOMENT" ADD CONSTRAINT "FK_QC_REF" FOREIGN KEY ("QC_REF")
	  REFERENCES "HSDSEMI"."QNA" ("Q_NUM") ON DELETE CASCADE ENABLE;
  ALTER TABLE "HSDSEMI"."QNACOMENT" ADD CONSTRAINT "FK_QC_WRITER" FOREIGN KEY ("QC_WRITER")
	  REFERENCES "HSDSEMI"."MEMBER" ("MEMBER_ID") ON DELETE CASCADE ENABLE;
